[
  {
    "model": "admin.logentry",
    "pk": 1,
    "fields": {
      "action_time": "2023-04-18T01:04:16.185Z",
      "user": 6,
      "content_type": 9,
      "object_id": "1",
      "object_repr": "Rev: id:1, host: user1@restify.com, guest: user2@restify.com, property: 1",
      "action_flag": 2,
      "change_message": "[{\"changed\": {\"fields\": [\"Host commented\"]}}]"
    }
  },
  {
    "model": "admin.logentry",
    "pk": 2,
    "fields": {
      "action_time": "2023-04-18T01:20:40.276Z",
      "user": 6,
      "content_type": 9,
      "object_id": "5",
      "object_repr": "Rev: id:5, host: user1@restify.com, guest: user3@restify.com, property: 3",
      "action_flag": 2,
      "change_message": "[{\"changed\": {\"fields\": [\"Status\"]}}]"
    }
  },
  {
    "model": "admin.logentry",
    "pk": 3,
    "fields": {
      "action_time": "2023-04-18T01:23:47.895Z",
      "user": 6,
      "content_type": 11,
      "object_id": "3",
      "object_repr": "Comment object (3)",
      "action_flag": 1,
      "change_message": "[{\"added\": {}}]"
    }
  },
  {
    "model": "admin.logentry",
    "pk": 4,
    "fields": {
      "action_time": "2023-04-18T01:25:03.411Z",
      "user": 6,
      "content_type": 11,
      "object_id": "5",
      "object_repr": "Comment object (5)",
      "action_flag": 1,
      "change_message": "[{\"added\": {}}]"
    }
  },
  {
    "model": "admin.logentry",
    "pk": 5,
    "fields": {
      "action_time": "2023-04-18T01:25:39.845Z",
      "user": 6,
      "content_type": 11,
      "object_id": "6",
      "object_repr": "Comment object (6)",
      "action_flag": 1,
      "change_message": "[{\"added\": {}}]"
    }
  },
  {
    "model": "admin.logentry",
    "pk": 6,
    "fields": {
      "action_time": "2023-04-18T01:26:12.226Z",
      "user": 6,
      "content_type": 11,
      "object_id": "7",
      "object_repr": "Comment object (7)",
      "action_flag": 1,
      "change_message": "[{\"added\": {}}]"
    }
  },
  {
    "model": "admin.logentry",
    "pk": 7,
    "fields": {
      "action_time": "2023-04-18T01:27:38.820Z",
      "user": 6,
      "content_type": 11,
      "object_id": "8",
      "object_repr": "Comment object (8)",
      "action_flag": 1,
      "change_message": "[{\"added\": {}}]"
    }
  },
  {
    "model": "admin.logentry",
    "pk": 8,
    "fields": {
      "action_time": "2023-04-18T01:30:46.353Z",
      "user": 6,
      "content_type": 11,
      "object_id": "9",
      "object_repr": "Comment object (9)",
      "action_flag": 1,
      "change_message": "[{\"added\": {}}]"
    }
  },
  {
    "model": "admin.logentry",
    "pk": 9,
    "fields": {
      "action_time": "2023-04-18T01:33:13.117Z",
      "user": 6,
      "content_type": 11,
      "object_id": "10",
      "object_repr": "Comment object (10)",
      "action_flag": 1,
      "change_message": "[{\"added\": {}}]"
    }
  },
  {
    "model": "admin.logentry",
    "pk": 10,
    "fields": {
      "action_time": "2023-04-18T01:34:17.419Z",
      "user": 6,
      "content_type": 11,
      "object_id": "11",
      "object_repr": "Comment object (11)",
      "action_flag": 1,
      "change_message": "[{\"added\": {}}]"
    }
  },
  {
    "model": "admin.logentry",
    "pk": 11,
    "fields": {
      "action_time": "2023-04-18T01:35:28.905Z",
      "user": 6,
      "content_type": 11,
      "object_id": "12",
      "object_repr": "Comment object (12)",
      "action_flag": 1,
      "change_message": "[{\"added\": {}}]"
    }
  },
  {
    "model": "admin.logentry",
    "pk": 12,
    "fields": {
      "action_time": "2023-04-18T01:36:19.870Z",
      "user": 6,
      "content_type": 11,
      "object_id": "13",
      "object_repr": "Comment object (13)",
      "action_flag": 1,
      "change_message": "[{\"added\": {}}]"
    }
  },
  {
    "model": "admin.logentry",
    "pk": 13,
    "fields": {
      "action_time": "2023-04-18T01:38:37.731Z",
      "user": 6,
      "content_type": 11,
      "object_id": "14",
      "object_repr": "Comment object (14)",
      "action_flag": 1,
      "change_message": "[{\"added\": {}}]"
    }
  },
  {
    "model": "admin.logentry",
    "pk": 14,
    "fields": {
      "action_time": "2023-04-18T01:39:15.813Z",
      "user": 6,
      "content_type": 11,
      "object_id": "15",
      "object_repr": "Comment object (15)",
      "action_flag": 1,
      "change_message": "[{\"added\": {}}]"
    }
  },
  {
    "model": "admin.logentry",
    "pk": 15,
    "fields": {
      "action_time": "2023-04-18T01:41:22.144Z",
      "user": 6,
      "content_type": 9,
      "object_id": "2",
      "object_repr": "Rev: id:2, host: user2@restify.com, guest: user1@restify.com, property: 20",
      "action_flag": 2,
      "change_message": "[{\"changed\": {\"fields\": [\"Status\"]}}]"
    }
  },
  {
    "model": "admin.logentry",
    "pk": 16,
    "fields": {
      "action_time": "2023-04-18T01:45:03.508Z",
      "user": 6,
      "content_type": 12,
      "object_id": "4",
      "object_repr": "Property 4: City Chic at USA owned by user4@restify.com",
      "action_flag": 2,
      "change_message": "[{\"changed\": {\"fields\": [\"Email\", \"Host\"]}}]"
    }
  },
  {
    "model": "admin.logentry",
    "pk": 17,
    "fields": {
      "action_time": "2023-04-18T01:47:18.836Z",
      "user": 6,
      "content_type": 12,
      "object_id": "5",
      "object_repr": "Property 5: Poolside Paradise at Canada owned by user5@restify.com",
      "action_flag": 2,
      "change_message": "[{\"changed\": {\"fields\": [\"Email\", \"Host\"]}}]"
    }
  },
  {
    "model": "admin.logentry",
    "pk": 18,
    "fields": {
      "action_time": "2023-04-18T01:48:08.157Z",
      "user": 6,
      "content_type": 9,
      "object_id": "6",
      "object_repr": "Rev: id:6, host: user4@restify.com, guest: user1@restify.com, property: 4",
      "action_flag": 1,
      "change_message": "[{\"added\": {}}]"
    }
  },
  {
    "model": "admin.logentry",
    "pk": 19,
    "fields": {
      "action_time": "2023-04-18T01:48:25.331Z",
      "user": 6,
      "content_type": 9,
      "object_id": "7",
      "object_repr": "Rev: id:7, host: user5@restify.com, guest: user1@restify.com, property: 5",
      "action_flag": 1,
      "change_message": "[{\"added\": {}}]"
    }
  },
  {
    "model": "admin.logentry",
    "pk": 20,
    "fields": {
      "action_time": "2023-04-18T01:50:07.684Z",
      "user": 6,
      "content_type": 9,
      "object_id": "2",
      "object_repr": "Rev: id:2, host: user2@restify.com, guest: user1@restify.com, property: 20",
      "action_flag": 2,
      "change_message": "[{\"changed\": {\"fields\": [\"Host commented\", \"Guest commented\"]}}]"
    }
  },
  {
    "model": "admin.logentry",
    "pk": 21,
    "fields": {
      "action_time": "2023-04-18T03:22:23.427Z",
      "user": 6,
      "content_type": 9,
      "object_id": "1",
      "object_repr": "Rev: id:1, host: user1@restify.com, guest: user2@restify.com, property: 1",
      "action_flag": 2,
      "change_message": "[{\"changed\": {\"fields\": [\"Host commented\"]}}]"
    }
  },
  {
    "model": "admin.logentry",
    "pk": 22,
    "fields": {
      "action_time": "2023-04-18T03:22:26.949Z",
      "user": 6,
      "content_type": 9,
      "object_id": "4",
      "object_repr": "Rev: id:4, host: user1@restify.com, guest: user3@restify.com, property: 1",
      "action_flag": 2,
      "change_message": "[]"
    }
  },
  {
    "model": "admin.logentry",
    "pk": 23,
    "fields": {
      "action_time": "2023-04-18T03:23:35.550Z",
      "user": 6,
      "content_type": 9,
      "object_id": "2",
      "object_repr": "Rev: id:2, host: user2@restify.com, guest: user1@restify.com, property: 20",
      "action_flag": 2,
      "change_message": "[{\"changed\": {\"fields\": [\"Host commented\"]}}]"
    }
  },
  {
    "model": "admin.logentry",
    "pk": 24,
    "fields": {
      "action_time": "2023-04-18T03:23:37.400Z",
      "user": 6,
      "content_type": 9,
      "object_id": "3",
      "object_repr": "Rev: id:3, host: user2@restify.com, guest: user3@restify.com, property: 18",
      "action_flag": 2,
      "change_message": "[]"
    }
  },
  {
    "model": "admin.logentry",
    "pk": 25,
    "fields": {
      "action_time": "2023-04-18T03:23:39.444Z",
      "user": 6,
      "content_type": 9,
      "object_id": "4",
      "object_repr": "Rev: id:4, host: user1@restify.com, guest: user3@restify.com, property: 1",
      "action_flag": 2,
      "change_message": "[]"
    }
  },
  {
    "model": "admin.logentry",
    "pk": 26,
    "fields": {
      "action_time": "2023-04-18T03:23:41.435Z",
      "user": 6,
      "content_type": 9,
      "object_id": "5",
      "object_repr": "Rev: id:5, host: user1@restify.com, guest: user3@restify.com, property: 3",
      "action_flag": 2,
      "change_message": "[]"
    }
  },
  {
    "model": "admin.logentry",
    "pk": 27,
    "fields": {
      "action_time": "2023-04-18T03:23:43.223Z",
      "user": 6,
      "content_type": 9,
      "object_id": "6",
      "object_repr": "Rev: id:6, host: user4@restify.com, guest: user1@restify.com, property: 4",
      "action_flag": 2,
      "change_message": "[]"
    }
  },
  {
    "model": "admin.logentry",
    "pk": 28,
    "fields": {
      "action_time": "2023-04-18T03:23:45.059Z",
      "user": 6,
      "content_type": 9,
      "object_id": "7",
      "object_repr": "Rev: id:7, host: user5@restify.com, guest: user1@restify.com, property: 5",
      "action_flag": 2,
      "change_message": "[]"
    }
  },
  {
    "model": "admin.logentry",
    "pk": 29,
    "fields": {
      "action_time": "2023-04-18T03:23:46.729Z",
      "user": 6,
      "content_type": 9,
      "object_id": "8",
      "object_repr": "Rev: id:8, host: user1@restify.com, guest: user2@restify.com, property: 2",
      "action_flag": 2,
      "change_message": "[]"
    }
  },
  {
    "model": "admin.logentry",
    "pk": 30,
    "fields": {
      "action_time": "2023-04-18T03:23:48.343Z",
      "user": 6,
      "content_type": 9,
      "object_id": "9",
      "object_repr": "Rev: id:9, host: user4@restify.com, guest: user1@restify.com, property: 4",
      "action_flag": 2,
      "change_message": "[]"
    }
  },
  {
    "model": "admin.logentry",
    "pk": 31,
    "fields": {
      "action_time": "2023-04-18T03:23:50.135Z",
      "user": 6,
      "content_type": 9,
      "object_id": "10",
      "object_repr": "Rev: id:10, host: user1@restify.com, guest: user2@restify.com, property: 7",
      "action_flag": 2,
      "change_message": "[]"
    }
  },
  {
    "model": "admin.logentry",
    "pk": 32,
    "fields": {
      "action_time": "2023-04-18T03:23:52.012Z",
      "user": 6,
      "content_type": 9,
      "object_id": "11",
      "object_repr": "Rev: id:11, host: user1@restify.com, guest: user2@restify.com, property: 7",
      "action_flag": 2,
      "change_message": "[]"
    }
  },
  {
    "model": "admin.logentry",
    "pk": 33,
    "fields": {
      "action_time": "2023-04-18T03:27:32.006Z",
      "user": 6,
      "content_type": 12,
      "object_id": "15",
      "object_repr": "Property 15: Cozy Apartment near the Beach at Canada owned by user3@restify.com",
      "action_flag": 2,
      "change_message": "[{\"changed\": {\"fields\": [\"Email\", \"Host\"]}}]"
    }
  },
  {
    "model": "admin.logentry",
    "pk": 34,
    "fields": {
      "action_time": "2023-04-18T03:28:00.633Z",
      "user": 6,
      "content_type": 9,
      "object_id": "12",
      "object_repr": "Rev: id:12, host: user3@restify.com, guest: user1@restify.com, property: 15",
      "action_flag": 1,
      "change_message": "[{\"added\": {}}]"
    }
  },
  {
    "model": "admin.logentry",
    "pk": 35,
    "fields": {
      "action_time": "2023-04-18T03:30:34.915Z",
      "user": 6,
      "content_type": 9,
      "object_id": "9",
      "object_repr": "Rev: id:9, host: user4@restify.com, guest: user1@restify.com, property: 4",
      "action_flag": 2,
      "change_message": "[{\"changed\": {\"fields\": [\"Status\"]}}]"
    }
  },
  {
    "model": "admin.logentry",
    "pk": 36,
    "fields": {
      "action_time": "2023-04-18T03:36:13.050Z",
      "user": 6,
      "content_type": 9,
      "object_id": "13",
      "object_repr": "Rev: id:13, host: user2@restify.com, guest: user1@restify.com, property: 19",
      "action_flag": 1,
      "change_message": "[{\"added\": {}}]"
    }
  },
  {
    "model": "admin.logentry",
    "pk": 37,
    "fields": {
      "action_time": "2023-04-18T03:37:43.288Z",
      "user": 6,
      "content_type": 9,
      "object_id": "14",
      "object_repr": "Rev: id:14, host: user5@restify.com, guest: user1@restify.com, property: 5",
      "action_flag": 1,
      "change_message": "[{\"added\": {}}]"
    }
  },
  {
    "model": "admin.logentry",
    "pk": 38,
    "fields": {
      "action_time": "2023-04-18T03:40:21.085Z",
      "user": 6,
      "content_type": 9,
      "object_id": "15",
      "object_repr": "Rev: id:15, host: user2@restify.com, guest: user1@restify.com, property: 17",
      "action_flag": 1,
      "change_message": "[{\"added\": {}}]"
    }
  },
  {
    "model": "admin.logentry",
    "pk": 39,
    "fields": {
      "action_time": "2023-04-18T03:41:45.069Z",
      "user": 6,
      "content_type": 9,
      "object_id": "16",
      "object_repr": "Rev: id:16, host: user5@restify.com, guest: user1@restify.com, property: 5",
      "action_flag": 1,
      "change_message": "[{\"added\": {}}]"
    }
  },
  {
    "model": "admin.logentry",
    "pk": 40,
    "fields": {
      "action_time": "2023-04-18T03:43:05.950Z",
      "user": 6,
      "content_type": 9,
      "object_id": "16",
      "object_repr": "Rev: id:16, host: user5@restify.com, guest: user1@restify.com, property: 5",
      "action_flag": 2,
      "change_message": "[]"
    }
  },
  {
    "model": "admin.logentry",
    "pk": 41,
    "fields": {
      "action_time": "2023-04-18T03:43:10.366Z",
      "user": 6,
      "content_type": 9,
      "object_id": "17",
      "object_repr": "Rev: id:17, host: user4@restify.com, guest: user1@restify.com, property: 4",
      "action_flag": 2,
      "change_message": "[]"
    }
  },
  {
    "model": "admin.logentry",
    "pk": 42,
    "fields": {
      "action_time": "2023-04-18T03:43:17.367Z",
      "user": 6,
      "content_type": 9,
      "object_id": "16",
      "object_repr": "Rev: id:16, host: user5@restify.com, guest: user1@restify.com, property: 5",
      "action_flag": 2,
      "change_message": "[{\"changed\": {\"fields\": [\"Status\"]}}]"
    }
  },
  {
    "model": "admin.logentry",
    "pk": 43,
    "fields": {
      "action_time": "2023-04-18T03:44:23.988Z",
      "user": 6,
      "content_type": 9,
      "object_id": "18",
      "object_repr": "Rev: id:18, host: user5@restify.com, guest: user1@restify.com, property: 5",
      "action_flag": 1,
      "change_message": "[{\"added\": {}}]"
    }
  },
  {
    "model": "admin.logentry",
    "pk": 44,
    "fields": {
      "action_time": "2023-04-18T03:44:57.404Z",
      "user": 6,
      "content_type": 9,
      "object_id": "19",
      "object_repr": "Rev: id:19, host: user2@restify.com, guest: user1@restify.com, property: 17",
      "action_flag": 1,
      "change_message": "[{\"added\": {}}]"
    }
  },
  {
    "model": "admin.logentry",
    "pk": 45,
    "fields": {
      "action_time": "2023-04-18T03:45:22.604Z",
      "user": 6,
      "content_type": 9,
      "object_id": "20",
      "object_repr": "Rev: id:20, host: user5@restify.com, guest: user1@restify.com, property: 5",
      "action_flag": 1,
      "change_message": "[{\"added\": {}}]"
    }
  },
  {
    "model": "admin.logentry",
    "pk": 46,
    "fields": {
      "action_time": "2023-04-18T03:46:03.940Z",
      "user": 6,
      "content_type": 9,
      "object_id": "21",
      "object_repr": "Rev: id:21, host: user1@restify.com, guest: user3@restify.com, property: 3",
      "action_flag": 1,
      "change_message": "[{\"added\": {}}]"
    }
  },
  {
    "model": "admin.logentry",
    "pk": 47,
    "fields": {
      "action_time": "2023-04-18T03:46:27.737Z",
      "user": 6,
      "content_type": 9,
      "object_id": "22",
      "object_repr": "Rev: id:22, host: user1@restify.com, guest: user4@restify.com, property: 1",
      "action_flag": 1,
      "change_message": "[{\"added\": {}}]"
    }
  },
  {
    "model": "admin.logentry",
    "pk": 48,
    "fields": {
      "action_time": "2023-04-18T03:47:09.987Z",
      "user": 6,
      "content_type": 9,
      "object_id": "23",
      "object_repr": "Rev: id:23, host: user1@restify.com, guest: user5@restify.com, property: 2",
      "action_flag": 1,
      "change_message": "[{\"added\": {}}]"
    }
  },
  {
    "model": "admin.logentry",
    "pk": 49,
    "fields": {
      "action_time": "2023-04-18T03:47:33.718Z",
      "user": 6,
      "content_type": 9,
      "object_id": "24",
      "object_repr": "Rev: id:24, host: user1@restify.com, guest: user2@restify.com, property: 1",
      "action_flag": 1,
      "change_message": "[{\"added\": {}}]"
    }
  },
  {
    "model": "admin.logentry",
    "pk": 50,
    "fields": {
      "action_time": "2023-04-18T03:52:11.751Z",
      "user": 6,
      "content_type": 9,
      "object_id": "1",
      "object_repr": "Rev: id:1, host: user1@restify.com, guest: user2@restify.com, property: 1",
      "action_flag": 2,
      "change_message": "[]"
    }
  },
  {
    "model": "admin.logentry",
    "pk": 51,
    "fields": {
      "action_time": "2023-04-18T03:53:15.712Z",
      "user": 6,
      "content_type": 9,
      "object_id": "2",
      "object_repr": "Rev: id:2, host: user2@restify.com, guest: user1@restify.com, property: 20",
      "action_flag": 2,
      "change_message": "[{\"changed\": {\"fields\": [\"Guest commented\"]}}]"
    }
  },
  {
    "model": "admin.logentry",
    "pk": 52,
    "fields": {
      "action_time": "2023-04-18T03:59:18.693Z",
      "user": 6,
      "content_type": 12,
      "object_id": "20",
      "object_repr": "Property 20: Cozy Cabin at Canada owned by user2@restify.com",
      "action_flag": 2,
      "change_message": "[{\"changed\": {\"fields\": [\"Rating\", \"Rating num\"]}}]"
    }
  },
  {
    "model": "admin.logentry",
    "pk": 53,
    "fields": {
      "action_time": "2023-04-18T04:03:23.688Z",
      "user": 6,
      "content_type": 12,
      "object_id": "1",
      "object_repr": "Property 1: Urban Oasis at Canada owned by user1@restify.com",
      "action_flag": 2,
      "change_message": "[{\"changed\": {\"fields\": [\"Rating\", \"Rating num\"]}}]"
    }
  },
  {
    "model": "admin.logentry",
    "pk": 54,
    "fields": {
      "action_time": "2023-04-18T04:03:39.839Z",
      "user": 6,
      "content_type": 12,
      "object_id": "2",
      "object_repr": "Property 2: Sleek Retreat at USA owned by user1@restify.com",
      "action_flag": 2,
      "change_message": "[{\"changed\": {\"fields\": [\"Rating\", \"Rating num\"]}}]"
    }
  },
  {
    "model": "admin.logentry",
    "pk": 55,
    "fields": {
      "action_time": "2023-04-18T04:05:21.500Z",
      "user": 6,
      "content_type": 12,
      "object_id": "5",
      "object_repr": "Property 5: Poolside Paradise at Canada owned by user5@restify.com",
      "action_flag": 2,
      "change_message": "[{\"changed\": {\"fields\": [\"Rating\", \"Rating num\"]}}]"
    }
  },
  {
    "model": "admin.logentry",
    "pk": 56,
    "fields": {
      "action_time": "2023-04-18T04:06:10.638Z",
      "user": 6,
      "content_type": 12,
      "object_id": "3",
      "object_repr": "Property 3: Charming Quebecoise at Canada owned by user1@restify.com",
      "action_flag": 2,
      "change_message": "[{\"changed\": {\"fields\": [\"Rating\", \"Rating num\"]}}]"
    }
  },
  {
    "model": "auth.permission",
    "pk": 1,
    "fields": {
      "name": "Can add log entry",
      "content_type": 1,
      "codename": "add_logentry"
    }
  },
  {
    "model": "auth.permission",
    "pk": 2,
    "fields": {
      "name": "Can change log entry",
      "content_type": 1,
      "codename": "change_logentry"
    }
  },
  {
    "model": "auth.permission",
    "pk": 3,
    "fields": {
      "name": "Can delete log entry",
      "content_type": 1,
      "codename": "delete_logentry"
    }
  },
  {
    "model": "auth.permission",
    "pk": 4,
    "fields": {
      "name": "Can view log entry",
      "content_type": 1,
      "codename": "view_logentry"
    }
  },
  {
    "model": "auth.permission",
    "pk": 5,
    "fields": {
      "name": "Can add permission",
      "content_type": 2,
      "codename": "add_permission"
    }
  },
  {
    "model": "auth.permission",
    "pk": 6,
    "fields": {
      "name": "Can change permission",
      "content_type": 2,
      "codename": "change_permission"
    }
  },
  {
    "model": "auth.permission",
    "pk": 7,
    "fields": {
      "name": "Can delete permission",
      "content_type": 2,
      "codename": "delete_permission"
    }
  },
  {
    "model": "auth.permission",
    "pk": 8,
    "fields": {
      "name": "Can view permission",
      "content_type": 2,
      "codename": "view_permission"
    }
  },
  {
    "model": "auth.permission",
    "pk": 9,
    "fields": {
      "name": "Can add group",
      "content_type": 3,
      "codename": "add_group"
    }
  },
  {
    "model": "auth.permission",
    "pk": 10,
    "fields": {
      "name": "Can change group",
      "content_type": 3,
      "codename": "change_group"
    }
  },
  {
    "model": "auth.permission",
    "pk": 11,
    "fields": {
      "name": "Can delete group",
      "content_type": 3,
      "codename": "delete_group"
    }
  },
  {
    "model": "auth.permission",
    "pk": 12,
    "fields": {
      "name": "Can view group",
      "content_type": 3,
      "codename": "view_group"
    }
  },
  {
    "model": "auth.permission",
    "pk": 13,
    "fields": {
      "name": "Can add content type",
      "content_type": 4,
      "codename": "add_contenttype"
    }
  },
  {
    "model": "auth.permission",
    "pk": 14,
    "fields": {
      "name": "Can change content type",
      "content_type": 4,
      "codename": "change_contenttype"
    }
  },
  {
    "model": "auth.permission",
    "pk": 15,
    "fields": {
      "name": "Can delete content type",
      "content_type": 4,
      "codename": "delete_contenttype"
    }
  },
  {
    "model": "auth.permission",
    "pk": 16,
    "fields": {
      "name": "Can view content type",
      "content_type": 4,
      "codename": "view_contenttype"
    }
  },
  {
    "model": "auth.permission",
    "pk": 17,
    "fields": {
      "name": "Can add session",
      "content_type": 5,
      "codename": "add_session"
    }
  },
  {
    "model": "auth.permission",
    "pk": 18,
    "fields": {
      "name": "Can change session",
      "content_type": 5,
      "codename": "change_session"
    }
  },
  {
    "model": "auth.permission",
    "pk": 19,
    "fields": {
      "name": "Can delete session",
      "content_type": 5,
      "codename": "delete_session"
    }
  },
  {
    "model": "auth.permission",
    "pk": 20,
    "fields": {
      "name": "Can view session",
      "content_type": 5,
      "codename": "view_session"
    }
  },
  {
    "model": "auth.permission",
    "pk": 21,
    "fields": {
      "name": "Can add blacklisted token",
      "content_type": 6,
      "codename": "add_blacklistedtoken"
    }
  },
  {
    "model": "auth.permission",
    "pk": 22,
    "fields": {
      "name": "Can change blacklisted token",
      "content_type": 6,
      "codename": "change_blacklistedtoken"
    }
  },
  {
    "model": "auth.permission",
    "pk": 23,
    "fields": {
      "name": "Can delete blacklisted token",
      "content_type": 6,
      "codename": "delete_blacklistedtoken"
    }
  },
  {
    "model": "auth.permission",
    "pk": 24,
    "fields": {
      "name": "Can view blacklisted token",
      "content_type": 6,
      "codename": "view_blacklistedtoken"
    }
  },
  {
    "model": "auth.permission",
    "pk": 25,
    "fields": {
      "name": "Can add outstanding token",
      "content_type": 7,
      "codename": "add_outstandingtoken"
    }
  },
  {
    "model": "auth.permission",
    "pk": 26,
    "fields": {
      "name": "Can change outstanding token",
      "content_type": 7,
      "codename": "change_outstandingtoken"
    }
  },
  {
    "model": "auth.permission",
    "pk": 27,
    "fields": {
      "name": "Can delete outstanding token",
      "content_type": 7,
      "codename": "delete_outstandingtoken"
    }
  },
  {
    "model": "auth.permission",
    "pk": 28,
    "fields": {
      "name": "Can view outstanding token",
      "content_type": 7,
      "codename": "view_outstandingtoken"
    }
  },
  {
    "model": "auth.permission",
    "pk": 29,
    "fields": {
      "name": "Can add user",
      "content_type": 8,
      "codename": "add_myuser"
    }
  },
  {
    "model": "auth.permission",
    "pk": 30,
    "fields": {
      "name": "Can change user",
      "content_type": 8,
      "codename": "change_myuser"
    }
  },
  {
    "model": "auth.permission",
    "pk": 31,
    "fields": {
      "name": "Can delete user",
      "content_type": 8,
      "codename": "delete_myuser"
    }
  },
  {
    "model": "auth.permission",
    "pk": 32,
    "fields": {
      "name": "Can view user",
      "content_type": 8,
      "codename": "view_myuser"
    }
  },
  {
    "model": "auth.permission",
    "pk": 33,
    "fields": {
      "name": "Can add rev",
      "content_type": 9,
      "codename": "add_rev"
    }
  },
  {
    "model": "auth.permission",
    "pk": 34,
    "fields": {
      "name": "Can change rev",
      "content_type": 9,
      "codename": "change_rev"
    }
  },
  {
    "model": "auth.permission",
    "pk": 35,
    "fields": {
      "name": "Can delete rev",
      "content_type": 9,
      "codename": "delete_rev"
    }
  },
  {
    "model": "auth.permission",
    "pk": 36,
    "fields": {
      "name": "Can view rev",
      "content_type": 9,
      "codename": "view_rev"
    }
  },
  {
    "model": "auth.permission",
    "pk": 37,
    "fields": {
      "name": "Can add ntf",
      "content_type": 10,
      "codename": "add_ntf"
    }
  },
  {
    "model": "auth.permission",
    "pk": 38,
    "fields": {
      "name": "Can change ntf",
      "content_type": 10,
      "codename": "change_ntf"
    }
  },
  {
    "model": "auth.permission",
    "pk": 39,
    "fields": {
      "name": "Can delete ntf",
      "content_type": 10,
      "codename": "delete_ntf"
    }
  },
  {
    "model": "auth.permission",
    "pk": 40,
    "fields": {
      "name": "Can view ntf",
      "content_type": 10,
      "codename": "view_ntf"
    }
  },
  {
    "model": "auth.permission",
    "pk": 41,
    "fields": {
      "name": "Can add comment",
      "content_type": 11,
      "codename": "add_comment"
    }
  },
  {
    "model": "auth.permission",
    "pk": 42,
    "fields": {
      "name": "Can change comment",
      "content_type": 11,
      "codename": "change_comment"
    }
  },
  {
    "model": "auth.permission",
    "pk": 43,
    "fields": {
      "name": "Can delete comment",
      "content_type": 11,
      "codename": "delete_comment"
    }
  },
  {
    "model": "auth.permission",
    "pk": 44,
    "fields": {
      "name": "Can view comment",
      "content_type": 11,
      "codename": "view_comment"
    }
  },
  {
    "model": "auth.permission",
    "pk": 45,
    "fields": {
      "name": "Can add property",
      "content_type": 12,
      "codename": "add_property"
    }
  },
  {
    "model": "auth.permission",
    "pk": 46,
    "fields": {
      "name": "Can change property",
      "content_type": 12,
      "codename": "change_property"
    }
  },
  {
    "model": "auth.permission",
    "pk": 47,
    "fields": {
      "name": "Can delete property",
      "content_type": 12,
      "codename": "delete_property"
    }
  },
  {
    "model": "auth.permission",
    "pk": 48,
    "fields": {
      "name": "Can view property",
      "content_type": 12,
      "codename": "view_property"
    }
  },
  {
    "model": "auth.permission",
    "pk": 49,
    "fields": {
      "name": "Can add preview",
      "content_type": 13,
      "codename": "add_preview"
    }
  },
  {
    "model": "auth.permission",
    "pk": 50,
    "fields": {
      "name": "Can change preview",
      "content_type": 13,
      "codename": "change_preview"
    }
  },
  {
    "model": "auth.permission",
    "pk": 51,
    "fields": {
      "name": "Can delete preview",
      "content_type": 13,
      "codename": "delete_preview"
    }
  },
  {
    "model": "auth.permission",
    "pk": 52,
    "fields": {
      "name": "Can view preview",
      "content_type": 13,
      "codename": "view_preview"
    }
  },
  {
    "model": "auth.permission",
    "pk": 53,
    "fields": {
      "name": "Can add availability",
      "content_type": 14,
      "codename": "add_availability"
    }
  },
  {
    "model": "auth.permission",
    "pk": 54,
    "fields": {
      "name": "Can change availability",
      "content_type": 14,
      "codename": "change_availability"
    }
  },
  {
    "model": "auth.permission",
    "pk": 55,
    "fields": {
      "name": "Can delete availability",
      "content_type": 14,
      "codename": "delete_availability"
    }
  },
  {
    "model": "auth.permission",
    "pk": 56,
    "fields": {
      "name": "Can view availability",
      "content_type": 14,
      "codename": "view_availability"
    }
  },
  {
    "model": "contenttypes.contenttype",
    "pk": 1,
    "fields": { "app_label": "admin", "model": "logentry" }
  },
  {
    "model": "contenttypes.contenttype",
    "pk": 2,
    "fields": { "app_label": "auth", "model": "permission" }
  },
  {
    "model": "contenttypes.contenttype",
    "pk": 3,
    "fields": { "app_label": "auth", "model": "group" }
  },
  {
    "model": "contenttypes.contenttype",
    "pk": 4,
    "fields": { "app_label": "contenttypes", "model": "contenttype" }
  },
  {
    "model": "contenttypes.contenttype",
    "pk": 5,
    "fields": { "app_label": "sessions", "model": "session" }
  },
  {
    "model": "contenttypes.contenttype",
    "pk": 6,
    "fields": { "app_label": "token_blacklist", "model": "blacklistedtoken" }
  },
  {
    "model": "contenttypes.contenttype",
    "pk": 7,
    "fields": { "app_label": "token_blacklist", "model": "outstandingtoken" }
  },
  {
    "model": "contenttypes.contenttype",
    "pk": 8,
    "fields": { "app_label": "accounts", "model": "myuser" }
  },
  {
    "model": "contenttypes.contenttype",
    "pk": 9,
    "fields": { "app_label": "revs", "model": "rev" }
  },
  {
    "model": "contenttypes.contenttype",
    "pk": 10,
    "fields": { "app_label": "revs", "model": "ntf" }
  },
  {
    "model": "contenttypes.contenttype",
    "pk": 11,
    "fields": { "app_label": "comment", "model": "comment" }
  },
  {
    "model": "contenttypes.contenttype",
    "pk": 12,
    "fields": { "app_label": "property", "model": "property" }
  },
  {
    "model": "contenttypes.contenttype",
    "pk": 13,
    "fields": { "app_label": "property", "model": "preview" }
  },
  {
    "model": "contenttypes.contenttype",
    "pk": 14,
    "fields": { "app_label": "property", "model": "availability" }
  },
  {
    "model": "sessions.session",
    "pk": "qbrlnhqts4hqfnm1k7k557epnqwpbawn",
    "fields": {
      "session_data": ".eJxVjDEOwjAMRe-SGUVUdpLCyM4ZKtuxaQElUtNOiLtDpQ6w_vfef7mB1mUc1qbzMGV3dtEdfjcmeWjZQL5TuVUvtSzzxH5T_E6bv9asz8vu_h2M1MZvDag9MyqfRDoOAtkCRjsmFqTUW4wxEGBKSY07sw4hoxoG6AUSoXt_AAaxOHY:1poZlI:6PRHWSyiPCiU22aZWgsTP3oyqJ_gcEZiTa2IWOGiGng",
      "expire_date": "2023-05-02T01:04:00.677Z"
    }
  },
  {
    "model": "token_blacklist.outstandingtoken",
    "pk": 1,
    "fields": {
      "user": 2,
      "jti": "3073db92d2194a51854ce5f35d6336f7",
      "token": "eyJhbGciOiJIUzI1NiIsInR5cCI6IkpXVCJ9.eyJ0b2tlbl90eXBlIjoicmVmcmVzaCIsImV4cCI6MTY4MTg2NDMwOCwiaWF0IjoxNjgxNzc3OTA4LCJqdGkiOiIzMDczZGI5MmQyMTk0YTUxODU0Y2U1ZjM1ZDYzMzZmNyIsInVzZXJfaWQiOjJ9.h_Ibm7uKW3qA8GPMG1Zcm4HK-MWZEHhtJgeMZlPk1js",
      "created_at": "2023-04-18T00:31:48.573Z",
      "expires_at": "2023-04-19T00:31:48Z"
    }
  },
  {
    "model": "token_blacklist.outstandingtoken",
    "pk": 2,
    "fields": {
      "user": 1,
      "jti": "969761419e3b4841815997cb989e99d8",
      "token": "eyJhbGciOiJIUzI1NiIsInR5cCI6IkpXVCJ9.eyJ0b2tlbl90eXBlIjoicmVmcmVzaCIsImV4cCI6MTY4MTg2NDM2NCwiaWF0IjoxNjgxNzc3OTY0LCJqdGkiOiI5Njk3NjE0MTllM2I0ODQxODE1OTk3Y2I5ODllOTlkOCIsInVzZXJfaWQiOjF9.EB8pT61_tZMuQtOVJ4E8GcPgRuxM104k-zbuxx4D2Jc",
      "created_at": "2023-04-18T00:32:44.305Z",
      "expires_at": "2023-04-19T00:32:44Z"
    }
  },
  {
    "model": "token_blacklist.outstandingtoken",
    "pk": 3,
    "fields": {
      "user": 3,
      "jti": "5816e02bb8904b64a5aeeff981153c68",
      "token": "eyJhbGciOiJIUzI1NiIsInR5cCI6IkpXVCJ9.eyJ0b2tlbl90eXBlIjoicmVmcmVzaCIsImV4cCI6MTY4MTg2Njk2NywiaWF0IjoxNjgxNzgwNTY3LCJqdGkiOiI1ODE2ZTAyYmI4OTA0YjY0YTVhZWVmZjk4MTE1M2M2OCIsInVzZXJfaWQiOjN9.66k7gWe6rBAovSitoTU_AtprUgSehF_9gV9MaqsB9qw",
      "created_at": "2023-04-18T01:16:07.387Z",
      "expires_at": "2023-04-19T01:16:07Z"
    }
  },
  {
    "model": "token_blacklist.outstandingtoken",
    "pk": 4,
    "fields": {
      "user": 1,
      "jti": "cac8d96bdbc7430a918c65a760e670c5",
      "token": "eyJhbGciOiJIUzI1NiIsInR5cCI6IkpXVCJ9.eyJ0b2tlbl90eXBlIjoicmVmcmVzaCIsImV4cCI6MTY4MTg2NzIwMCwiaWF0IjoxNjgxNzgwODAwLCJqdGkiOiJjYWM4ZDk2YmRiYzc0MzBhOTE4YzY1YTc2MGU2NzBjNSIsInVzZXJfaWQiOjF9.ENkBplkSYnGR0AiltPscB30J2H_eNEedtj92upTOmG4",
      "created_at": "2023-04-18T01:20:00.602Z",
      "expires_at": "2023-04-19T01:20:00Z"
    }
  },
  {
    "model": "token_blacklist.outstandingtoken",
    "pk": 5,
    "fields": {
      "user": 2,
      "jti": "6f754fd6d66a48d1b856847e36d3f14c",
      "token": "eyJhbGciOiJIUzI1NiIsInR5cCI6IkpXVCJ9.eyJ0b2tlbl90eXBlIjoicmVmcmVzaCIsImV4cCI6MTY4MTg2ODkyOSwiaWF0IjoxNjgxNzgyNTI5LCJqdGkiOiI2Zjc1NGZkNmQ2NmE0OGQxYjg1Njg0N2UzNmQzZjE0YyIsInVzZXJfaWQiOjJ9.C6ghK2tsTf648_ypdQQBmMF-TL1zVhMw1rtz_Ta6AF8",
      "created_at": "2023-04-18T01:48:49.315Z",
      "expires_at": "2023-04-19T01:48:49Z"
    }
  },
  {
    "model": "token_blacklist.outstandingtoken",
    "pk": 6,
    "fields": {
      "user": 3,
      "jti": "875b9466859b400080a2b1c4c0cdcae9",
      "token": "eyJhbGciOiJIUzI1NiIsInR5cCI6IkpXVCJ9.eyJ0b2tlbl90eXBlIjoicmVmcmVzaCIsImV4cCI6MTY4MTg3MDYzNywiaWF0IjoxNjgxNzg0MjM3LCJqdGkiOiI4NzViOTQ2Njg1OWI0MDAwODBhMmIxYzRjMGNkY2FlOSIsInVzZXJfaWQiOjN9.e_NuJ422CpjiaPiAuUuzI6UB5flQUdz5X0lMreHOSPE",
      "created_at": "2023-04-18T02:17:17.303Z",
      "expires_at": "2023-04-19T02:17:17Z"
    }
  },
  {
    "model": "token_blacklist.outstandingtoken",
    "pk": 7,
    "fields": {
      "user": 2,
      "jti": "047ec412436843f6a4de86dc0eefd623",
      "token": "eyJhbGciOiJIUzI1NiIsInR5cCI6IkpXVCJ9.eyJ0b2tlbl90eXBlIjoicmVmcmVzaCIsImV4cCI6MTY4MTg3MDc5NCwiaWF0IjoxNjgxNzg0Mzk0LCJqdGkiOiIwNDdlYzQxMjQzNjg0M2Y2YTRkZTg2ZGMwZWVmZDYyMyIsInVzZXJfaWQiOjJ9.BSFAQAD5FLy7dQgTw6zjNUZ8A8_7s7HGL0T8dA7Dg5Y",
      "created_at": "2023-04-18T02:19:54.340Z",
      "expires_at": "2023-04-19T02:19:54Z"
    }
  },
  {
    "model": "token_blacklist.outstandingtoken",
    "pk": 8,
    "fields": {
      "user": 2,
      "jti": "7c59652d94924bf488be5fe2215675eb",
      "token": "eyJhbGciOiJIUzI1NiIsInR5cCI6IkpXVCJ9.eyJ0b2tlbl90eXBlIjoicmVmcmVzaCIsImV4cCI6MTY4MTg3MjA1NCwiaWF0IjoxNjgxNzg1NjU0LCJqdGkiOiI3YzU5NjUyZDk0OTI0YmY0ODhiZTVmZTIyMTU2NzVlYiIsInVzZXJfaWQiOjJ9.4FXirn8gc3EnmcNc46VMf5M_3uFl71YCMFCl0LrzBa0",
      "created_at": "2023-04-18T02:40:54.114Z",
      "expires_at": "2023-04-19T02:40:54Z"
    }
  },
  {
    "model": "token_blacklist.outstandingtoken",
    "pk": 9,
    "fields": {
      "user": 1,
      "jti": "891e8ee533ee41079f13912ea7eca67a",
      "token": "eyJhbGciOiJIUzI1NiIsInR5cCI6IkpXVCJ9.eyJ0b2tlbl90eXBlIjoicmVmcmVzaCIsImV4cCI6MTY4MTg3MjM4NCwiaWF0IjoxNjgxNzg1OTg0LCJqdGkiOiI4OTFlOGVlNTMzZWU0MTA3OWYxMzkxMmVhN2VjYTY3YSIsInVzZXJfaWQiOjF9.9tFSGYZiEFjUzcMt12-1jgqX1LtSrY09eTyR09ZcxAU",
      "created_at": "2023-04-18T02:46:24.146Z",
      "expires_at": "2023-04-19T02:46:24Z"
    }
  },
  {
    "model": "token_blacklist.outstandingtoken",
    "pk": 10,
    "fields": {
      "user": 2,
      "jti": "18dc175ffe2d4c4aa9ef59835bfe916c",
      "token": "eyJhbGciOiJIUzI1NiIsInR5cCI6IkpXVCJ9.eyJ0b2tlbl90eXBlIjoicmVmcmVzaCIsImV4cCI6MTY4MTg3MjQ5MSwiaWF0IjoxNjgxNzg2MDkxLCJqdGkiOiIxOGRjMTc1ZmZlMmQ0YzRhYTllZjU5ODM1YmZlOTE2YyIsInVzZXJfaWQiOjJ9.YKCOFfBno9eZt_9TKFh-xDAFNlcCnOIfZ8QH75grF-4",
      "created_at": "2023-04-18T02:48:11.262Z",
      "expires_at": "2023-04-19T02:48:11Z"
    }
  },
  {
    "model": "token_blacklist.outstandingtoken",
    "pk": 11,
    "fields": {
      "user": 3,
      "jti": "3fd2230954554a6eb0accf23deb95590",
      "token": "eyJhbGciOiJIUzI1NiIsInR5cCI6IkpXVCJ9.eyJ0b2tlbl90eXBlIjoicmVmcmVzaCIsImV4cCI6MTY4MTg3NDc4NCwiaWF0IjoxNjgxNzg4Mzg0LCJqdGkiOiIzZmQyMjMwOTU0NTU0YTZlYjBhY2NmMjNkZWI5NTU5MCIsInVzZXJfaWQiOjN9.Fp0hbrmn7WPhPMAzUYEeQ1qOHCrJiwMOL3TTow4AO94",
      "created_at": "2023-04-18T03:26:24.851Z",
      "expires_at": "2023-04-19T03:26:24Z"
    }
  },
  {
    "model": "token_blacklist.outstandingtoken",
    "pk": 12,
    "fields": {
      "user": 4,
      "jti": "7c1638dac2794b948cbfec456bdb0272",
      "token": "eyJhbGciOiJIUzI1NiIsInR5cCI6IkpXVCJ9.eyJ0b2tlbl90eXBlIjoicmVmcmVzaCIsImV4cCI6MTY4MTg3NDg5OCwiaWF0IjoxNjgxNzg4NDk4LCJqdGkiOiI3YzE2MzhkYWMyNzk0Yjk0OGNiZmVjNDU2YmRiMDI3MiIsInVzZXJfaWQiOjR9.etu5xL7z77rxeV-Nv55CjN8GYE-tt6y5DF-Trwc135c",
      "created_at": "2023-04-18T03:28:18.571Z",
      "expires_at": "2023-04-19T03:28:18Z"
    }
  },
  {
    "model": "token_blacklist.outstandingtoken",
    "pk": 13,
    "fields": {
      "user": 1,
      "jti": "a59d7ea6cab948ba8e2d6ec26bcce4f4",
      "token": "eyJhbGciOiJIUzI1NiIsInR5cCI6IkpXVCJ9.eyJ0b2tlbl90eXBlIjoicmVmcmVzaCIsImV4cCI6MTY4MTg3NTA4OSwiaWF0IjoxNjgxNzg4Njg5LCJqdGkiOiJhNTlkN2VhNmNhYjk0OGJhOGUyZDZlYzI2YmNjZTRmNCIsInVzZXJfaWQiOjF9.qKaAhHcoC_rdioLd2GyAtKT16Jq0b_me2-tg1LU8uZw",
      "created_at": "2023-04-18T03:31:29.674Z",
      "expires_at": "2023-04-19T03:31:29Z"
    }
  },
  {
    "model": "token_blacklist.outstandingtoken",
    "pk": 14,
    "fields": {
      "user": 1,
      "jti": "3783f2e01fc14bff849cc34f012d0520",
      "token": "eyJhbGciOiJIUzI1NiIsInR5cCI6IkpXVCJ9.eyJ0b2tlbl90eXBlIjoicmVmcmVzaCIsImV4cCI6MTY4MTg3NTE0MSwiaWF0IjoxNjgxNzg4NzQxLCJqdGkiOiIzNzgzZjJlMDFmYzE0YmZmODQ5Y2MzNGYwMTJkMDUyMCIsInVzZXJfaWQiOjF9.VJFwqdgSmBdUOAEArIn4glA2DPMEkdrHrIRHqHTK-Xg",
      "created_at": "2023-04-18T03:32:21.095Z",
      "expires_at": "2023-04-19T03:32:21Z"
    }
  },
  {
    "model": "token_blacklist.outstandingtoken",
    "pk": 15,
    "fields": {
      "user": 5,
      "jti": "1174277dc1c743bca3a2cfa38535bcb3",
      "token": "eyJhbGciOiJIUzI1NiIsInR5cCI6IkpXVCJ9.eyJ0b2tlbl90eXBlIjoicmVmcmVzaCIsImV4cCI6MTY4MTg3NTQ3NiwiaWF0IjoxNjgxNzg5MDc2LCJqdGkiOiIxMTc0Mjc3ZGMxYzc0M2JjYTNhMmNmYTM4NTM1YmNiMyIsInVzZXJfaWQiOjV9.cG_TdypXplVrHRYUN1O9UTkK-ti9Vjyve0Jjs4awuEA",
      "created_at": "2023-04-18T03:37:56.288Z",
      "expires_at": "2023-04-19T03:37:56Z"
    }
  },
  {
    "model": "token_blacklist.outstandingtoken",
    "pk": 16,
    "fields": {
      "user": 1,
      "jti": "2af67e5c10e549c796494956db91fb2d",
      "token": "eyJhbGciOiJIUzI1NiIsInR5cCI6IkpXVCJ9.eyJ0b2tlbl90eXBlIjoicmVmcmVzaCIsImV4cCI6MTY4MTg3NTUwMywiaWF0IjoxNjgxNzg5MTAzLCJqdGkiOiIyYWY2N2U1YzEwZTU0OWM3OTY0OTQ5NTZkYjkxZmIyZCIsInVzZXJfaWQiOjF9.q_rAw_VqQsVHgI80rVk6k_Dqqip7W9_o-13ZZSd7f2E",
      "created_at": "2023-04-18T03:38:23.144Z",
      "expires_at": "2023-04-19T03:38:23Z"
    }
  },
  {
    "model": "token_blacklist.outstandingtoken",
    "pk": 17,
    "fields": {
      "user": 5,
      "jti": "aacad38c92e84f28bb2a932fa9ca3bed",
      "token": "eyJhbGciOiJIUzI1NiIsInR5cCI6IkpXVCJ9.eyJ0b2tlbl90eXBlIjoicmVmcmVzaCIsImV4cCI6MTY4MTg3NTU2NiwiaWF0IjoxNjgxNzg5MTY2LCJqdGkiOiJhYWNhZDM4YzkyZTg0ZjI4YmIyYTkzMmZhOWNhM2JlZCIsInVzZXJfaWQiOjV9.dYTJ86beemTIwBNAU0zz6Yfe0JYRwn0QgO3YQcr-6PI",
      "created_at": "2023-04-18T03:39:26.692Z",
      "expires_at": "2023-04-19T03:39:26Z"
    }
  },
  {
    "model": "token_blacklist.outstandingtoken",
    "pk": 18,
    "fields": {
      "user": 1,
      "jti": "71cf9307624646579e4eed1219d91a7c",
      "token": "eyJhbGciOiJIUzI1NiIsInR5cCI6IkpXVCJ9.eyJ0b2tlbl90eXBlIjoicmVmcmVzaCIsImV4cCI6MTY4MTg3NTU4NiwiaWF0IjoxNjgxNzg5MTg2LCJqdGkiOiI3MWNmOTMwNzYyNDY0NjU3OWU0ZWVkMTIxOWQ5MWE3YyIsInVzZXJfaWQiOjF9.oiHZBEONryt9mnbg1vMsNFDhECCdg5ldUDVs4SHhlWw",
      "created_at": "2023-04-18T03:39:46.276Z",
      "expires_at": "2023-04-19T03:39:46Z"
    }
  },
  {
    "model": "token_blacklist.outstandingtoken",
    "pk": 19,
    "fields": {
      "user": 4,
      "jti": "ae87367595f64a0b861c6bdeefcd0abe",
      "token": "eyJhbGciOiJIUzI1NiIsInR5cCI6IkpXVCJ9.eyJ0b2tlbl90eXBlIjoicmVmcmVzaCIsImV4cCI6MTY4MTg3NTc2OCwiaWF0IjoxNjgxNzg5MzY4LCJqdGkiOiJhZTg3MzY3NTk1ZjY0YTBiODYxYzZiZGVlZmNkMGFiZSIsInVzZXJfaWQiOjR9.6UWZfY7bn1-HwKX7fNeIiamUSy2n98Lki61c9Hcy-1Y",
      "created_at": "2023-04-18T03:42:48.288Z",
      "expires_at": "2023-04-19T03:42:48Z"
    }
  },
  {
    "model": "token_blacklist.outstandingtoken",
    "pk": 20,
    "fields": {
      "user": 1,
      "jti": "51cb7b48d0b846c7aeb2f6f528b07377",
      "token": "eyJhbGciOiJIUzI1NiIsInR5cCI6IkpXVCJ9.eyJ0b2tlbl90eXBlIjoicmVmcmVzaCIsImV4cCI6MTY4MTg3NTgwOSwiaWF0IjoxNjgxNzg5NDA5LCJqdGkiOiI1MWNiN2I0OGQwYjg0NmM3YWViMmY2ZjUyOGIwNzM3NyIsInVzZXJfaWQiOjF9.9oaIpnAS3CyrqDDMvFAvcWnPnBq6V4YVcNOQMzGHw9M",
      "created_at": "2023-04-18T03:43:29.475Z",
      "expires_at": "2023-04-19T03:43:29Z"
    }
  },
  {
    "model": "accounts.myuser",
    "pk": 1,
    "fields": {
      "password": "pbkdf2_sha256$390000$8QIFiiQLjrOO7cy5bogAMW$dQW3d8DK92rKIqOvG+Mur/O7WZcWXO7/kIGvCr/XMr4=",
      "last_login": null,
      "is_superuser": false,
      "first_name": "Huang",
      "last_name": "Yanbin",
      "is_staff": false,
      "is_active": true,
      "date_joined": "2023-04-13T23:13:08.487Z",
      "email": "user1@restify.com",
      "phone_number": "111-222-1234",
      "avatar": "statics/avatar/avatar1.jpg",
      "self_intro": "A CS student who really like traveling.",
      "rating": "3.75",
      "rating_num": 4,
      "groups": [],
      "user_permissions": []
    }
  },
  {
    "model": "accounts.myuser",
    "pk": 2,
    "fields": {
      "password": "pbkdf2_sha256$390000$UpA8xz6a6iacaRf4aKK3Zk$u6GxZZRTyUxehNgCZgP2DeHrCeFlV5TJlFDK/4X8n/g=",
      "last_login": null,
      "is_superuser": false,
      "first_name": "Steve",
      "last_name": "Donald",
      "is_staff": false,
      "is_active": true,
      "date_joined": "2023-04-13T23:14:11.791Z",
      "email": "user2@restify.com",
      "phone_number": "222-222-1234",
      "avatar": "statics/avatar/minecraft-steve-block.jpg",
      "self_intro": "I am Steve",
      "rating": "2.50",
      "rating_num": 8,
      "groups": [],
      "user_permissions": []
    }
  },
  {
    "model": "accounts.myuser",
    "pk": 3,
    "fields": {
      "password": "pbkdf2_sha256$390000$POOq6U7fkCUUNLoqbZoe91$/hoEB4KGKo41GJPqaAVqKy032z6RIQjHKYXJ5c+CVnA=",
      "last_login": null,
      "is_superuser": false,
      "first_name": "Third",
      "last_name": "User",
      "is_staff": false,
      "is_active": true,
      "date_joined": "2023-04-13T23:14:52.887Z",
      "email": "user3@restify.com",
      "phone_number": "333-222-1234",
      "avatar": "",
      "self_intro": "I am the Third User",
      "rating": null,
      "rating_num": 0,
      "groups": [],
      "user_permissions": []
    }
  },
  {
    "model": "accounts.myuser",
    "pk": 4,
    "fields": {
      "password": "pbkdf2_sha256$390000$DC3Mg1Opk1l7L2cLdAm8kn$NPz8Z/4X9/tPIPf1gaSnAPZpXGVnbpirbjkDkgbmn0g=",
      "last_login": null,
      "is_superuser": false,
      "first_name": "Forth",
      "last_name": "User",
      "is_staff": false,
      "is_active": true,
      "date_joined": "2023-04-13T23:15:07.753Z",
      "email": "user4@restify.com",
      "phone_number": "444-222-1234",
      "avatar": "",
      "self_intro": "I am the Forth User",
      "rating": null,
      "rating_num": 0,
      "groups": [],
      "user_permissions": []
    }
  },
  {
    "model": "accounts.myuser",
    "pk": 5,
    "fields": {
      "password": "pbkdf2_sha256$390000$68zuic1uKHWV6Tqg6aeAYg$S7lCEeBDtNK6IxMOYoOpeLuw5n7LrlYFEMgJzTrress=",
      "last_login": null,
      "is_superuser": false,
      "first_name": "Fifth",
      "last_name": "User",
      "is_staff": false,
      "is_active": true,
      "date_joined": "2023-04-13T23:15:25.490Z",
      "email": "user5@restify.com",
      "phone_number": "555-222-1234",
      "avatar": "",
      "self_intro": "I am the Fifth User",
      "rating": null,
      "rating_num": 0,
      "groups": [],
      "user_permissions": []
    }
  },
  {
    "model": "accounts.myuser",
    "pk": 6,
    "fields": {
      "password": "pbkdf2_sha256$390000$YaVx5gsggeWj7qru6t7MHJ$1ZUC7YzM/sJfoG8aSwnlENxIM7NFlPXk/RMv+Rvx/FU=",
      "last_login": "2023-04-18T01:04:00.673Z",
      "is_superuser": true,
      "first_name": "",
      "last_name": "",
      "is_staff": true,
      "is_active": true,
      "date_joined": "2023-04-14T02:08:53.110Z",
      "email": "admin@restify.com",
      "phone_number": null,
      "avatar": "",
      "self_intro": "This guy doesn't write anything",
      "rating": null,
      "rating_num": 0,
      "groups": [],
      "user_permissions": []
    }
  },
  {
    "model": "revs.rev",
    "pk": 1,
    "fields": {
      "guest": 2,
      "property": 1,
      "status": "terminated",
      "start_date": "2023-04-17T12:00:00Z",
      "end_date": "2023-04-18T12:00:00Z",
      "last_statusUpdate_date": "2023-04-18T00:32:10Z",
      "host_commented": false,
      "guest_commented": false
    }
  },
  {
    "model": "revs.rev",
    "pk": 2,
    "fields": {
      "guest": 1,
      "property": 20,
      "status": "completed",
      "start_date": "2023-04-19T12:00:00Z",
      "end_date": "2023-04-20T12:00:00Z",
      "last_statusUpdate_date": "2023-04-18T00:33:21Z",
      "host_commented": true,
      "guest_commented": true
    }
  },
  {
    "model": "revs.rev",
    "pk": 3,
    "fields": {
      "guest": 3,
      "property": 18,
      "status": "pending",
      "start_date": "2023-04-24T12:00:00Z",
      "end_date": "2023-04-25T12:00:00Z",
      "last_statusUpdate_date": "2023-04-18T01:19:06Z",
      "host_commented": false,
      "guest_commented": false
    }
  },
  {
    "model": "revs.rev",
    "pk": 4,
    "fields": {
      "guest": 3,
      "property": 1,
      "status": "denied",
      "start_date": "2023-04-18T12:00:00Z",
      "end_date": "2023-04-19T12:00:00Z",
      "last_statusUpdate_date": "2023-04-18T01:19:16Z",
      "host_commented": false,
      "guest_commented": false
    }
  },
  {
    "model": "revs.rev",
    "pk": 5,
    "fields": {
      "guest": 3,
      "property": 3,
      "status": "completed",
      "start_date": "2023-04-21T12:00:00Z",
      "end_date": "2023-04-22T12:00:00Z",
      "last_statusUpdate_date": "2023-04-18T01:19:34Z",
      "host_commented": false,
      "guest_commented": false
    }
  },
  {
    "model": "revs.rev",
    "pk": 6,
    "fields": {
      "guest": 1,
      "property": 4,
      "status": "terminated",
      "start_date": "2023-03-11T01:48:00Z",
      "end_date": "2023-04-25T01:48:04Z",
      "last_statusUpdate_date": "2023-04-18T01:48:06Z",
      "host_commented": true,
      "guest_commented": false
    }
  },
  {
    "model": "revs.rev",
    "pk": 7,
    "fields": {
      "guest": 1,
      "property": 5,
      "status": "completed",
      "start_date": "2023-04-18T01:48:20Z",
      "end_date": "2023-04-23T01:48:23Z",
      "last_statusUpdate_date": "2023-04-18T01:48:24Z",
      "host_commented": false,
      "guest_commented": true
    }
  },
  {
    "model": "revs.rev",
    "pk": 8,
    "fields": {
      "guest": 2,
      "property": 2,
      "status": "denied",
      "start_date": "2023-04-24T12:00:00Z",
      "end_date": "2023-04-25T12:00:00Z",
      "last_statusUpdate_date": "2023-04-18T02:46:10Z",
      "host_commented": false,
      "guest_commented": false
    }
  },
  {
    "model": "revs.rev",
    "pk": 9,
    "fields": {
      "guest": 1,
      "property": 4,
      "status": "completed",
      "start_date": "2023-04-18T12:00:00Z",
      "end_date": "2023-04-24T12:00:00Z",
      "last_statusUpdate_date": "2023-04-18T02:47:49Z",
      "host_commented": true,
      "guest_commented": false
    }
  },
  {
    "model": "revs.rev",
    "pk": 10,
    "fields": {
      "guest": 2,
      "property": 7,
      "status": "pending",
      "start_date": "2023-04-27T12:00:00Z",
      "end_date": "2023-04-28T12:00:00Z",
      "last_statusUpdate_date": "2023-04-18T02:48:25Z",
      "host_commented": false,
      "guest_commented": false
    }
  },
  {
    "model": "revs.rev",
    "pk": 11,
    "fields": {
      "guest": 2,
      "property": 7,
      "status": "pending",
      "start_date": "2023-04-29T12:00:00Z",
      "end_date": "2023-04-30T12:00:00Z",
      "last_statusUpdate_date": "2023-04-18T02:48:32Z",
      "host_commented": false,
      "guest_commented": false
    }
  },
  {
    "model": "revs.rev",
    "pk": 12,
    "fields": {
      "guest": 1,
      "property": 15,
      "status": "completed",
      "start_date": "2023-04-18T03:27:52Z",
      "end_date": "2023-04-18T03:27:55Z",
      "last_statusUpdate_date": "2023-04-18T03:28:00Z",
      "host_commented": true,
      "guest_commented": true
    }
  },
  {
    "model": "revs.rev",
    "pk": 13,
    "fields": {
      "guest": 1,
      "property": 19,
      "status": "expired",
      "start_date": "2023-04-06T03:36:05Z",
      "end_date": "2023-04-18T03:36:08Z",
      "last_statusUpdate_date": "2023-04-18T03:36:10Z",
      "host_commented": true,
      "guest_commented": true
    }
  },
  {
    "model": "revs.rev",
    "pk": 14,
    "fields": {
      "guest": 1,
      "property": 5,
      "status": "pending(cancel request)",
      "start_date": "2023-04-18T03:37:38Z",
      "end_date": "2023-04-18T03:37:40Z",
      "last_statusUpdate_date": "2023-04-18T03:37:42Z",
      "host_commented": false,
      "guest_commented": false
    }
  },
  {
    "model": "revs.rev",
    "pk": 15,
    "fields": {
      "guest": 1,
      "property": 17,
      "status": "approved",
      "start_date": "2023-04-18T03:40:17Z",
      "end_date": "2023-04-18T03:40:19Z",
      "last_statusUpdate_date": "2023-04-18T03:40:20Z",
      "host_commented": false,
      "guest_commented": false
    }
  },
  {
    "model": "revs.rev",
    "pk": 16,
    "fields": {
      "guest": 1,
      "property": 5,
      "status": "denied",
      "start_date": "2023-04-18T03:41:42Z",
      "end_date": "2023-04-18T03:41:43Z",
      "last_statusUpdate_date": "2023-04-18T03:41:44Z",
      "host_commented": false,
      "guest_commented": false
    }
  },
  {
    "model": "revs.rev",
    "pk": 17,
    "fields": {
      "guest": 1,
      "property": 4,
      "status": "denied",
      "start_date": "2023-04-21T12:00:00Z",
      "end_date": "2023-04-26T12:00:00Z",
      "last_statusUpdate_date": "2023-04-18T03:42:37Z",
      "host_commented": false,
      "guest_commented": false
    }
  },
  {
    "model": "revs.rev",
    "pk": 18,
    "fields": {
      "guest": 1,
      "property": 5,
      "status": "canceled",
      "start_date": "2023-04-18T03:44:21Z",
      "end_date": "2023-04-18T03:44:22Z",
      "last_statusUpdate_date": "2023-04-18T03:44:23Z",
      "host_commented": false,
      "guest_commented": false
    }
  },
  {
    "model": "revs.rev",
    "pk": 19,
    "fields": {
      "guest": 1,
      "property": 17,
      "status": "pending",
      "start_date": "2023-04-18T03:44:54Z",
      "end_date": "2023-04-18T03:44:55Z",
      "last_statusUpdate_date": "2023-04-18T03:44:56Z",
      "host_commented": false,
      "guest_commented": false
    }
  },
  {
    "model": "revs.rev",
    "pk": 20,
    "fields": {
      "guest": 1,
      "property": 5,
      "status": "pending",
      "start_date": "2023-04-28T03:45:18Z",
      "end_date": "2023-04-29T03:45:20Z",
      "last_statusUpdate_date": "2023-04-18T03:45:21Z",
      "host_commented": false,
      "guest_commented": false
    }
  },
  {
    "model": "revs.rev",
    "pk": 21,
    "fields": {
      "guest": 3,
      "property": 3,
      "status": "approved",
      "start_date": "2023-04-18T03:46:01Z",
      "end_date": "2023-04-18T03:46:02Z",
      "last_statusUpdate_date": "2023-04-18T03:46:03Z",
      "host_commented": false,
      "guest_commented": false
    }
  },
  {
    "model": "revs.rev",
    "pk": 22,
    "fields": {
      "guest": 4,
      "property": 1,
      "status": "canceled",
      "start_date": "2023-04-18T03:46:24Z",
      "end_date": "2023-04-18T03:46:25Z",
      "last_statusUpdate_date": "2023-04-18T03:46:26Z",
      "host_commented": false,
      "guest_commented": false
    }
  },
  {
    "model": "revs.rev",
    "pk": 23,
    "fields": {
      "guest": 5,
      "property": 2,
      "status": "expired",
      "start_date": "2023-04-18T03:47:06Z",
      "end_date": "2023-04-18T03:47:07Z",
      "last_statusUpdate_date": "2023-04-18T03:47:09Z",
      "host_commented": false,
      "guest_commented": false
    }
  },
  {
    "model": "revs.rev",
    "pk": 24,
    "fields": {
      "guest": 2,
      "property": 1,
      "status": "pending(cancel request)",
      "start_date": "2023-04-18T03:47:31Z",
      "end_date": "2023-04-18T03:47:32Z",
      "last_statusUpdate_date": "2023-04-18T03:47:33Z",
      "host_commented": false,
      "guest_commented": false
    }
  },
  {
    "model": "revs.ntf",
    "pk": 1,
    "fields": {
      "recipient": 1,
      "rev": 1,
      "summary": "New Pending Reservation Request",
      "if_read": true,
      "create_date": "2023-04-18T00:32:10.130Z"
    }
  },
  {
    "model": "revs.ntf",
    "pk": 2,
    "fields": {
      "recipient": 2,
      "rev": 1,
      "summary": "Your reservation request is approved by host.",
      "if_read": true,
      "create_date": "2023-04-18T00:32:54.239Z"
    }
  },
  {
    "model": "revs.ntf",
    "pk": 3,
    "fields": {
      "recipient": 2,
      "rev": 1,
      "summary": "Your reservation is terminated by host.",
      "if_read": true,
      "create_date": "2023-04-18T00:32:58.641Z"
    }
  },
  {
    "model": "revs.ntf",
    "pk": 4,
    "fields": {
      "recipient": 2,
      "rev": 2,
      "summary": "New Pending Reservation Request",
      "if_read": false,
      "create_date": "2023-04-18T00:33:21.788Z"
    }
  },
  {
    "model": "revs.ntf",
    "pk": 5,
    "fields": {
      "recipient": 2,
      "rev": 3,
      "summary": "New Pending Reservation Request",
      "if_read": false,
      "create_date": "2023-04-18T01:19:06.958Z"
    }
  },
  {
    "model": "revs.ntf",
    "pk": 6,
    "fields": {
      "recipient": 1,
      "rev": 4,
      "summary": "New Pending Reservation Request",
      "if_read": true,
      "create_date": "2023-04-18T01:19:16.691Z"
    }
  },
  {
    "model": "revs.ntf",
    "pk": 7,
    "fields": {
      "recipient": 1,
      "rev": 5,
      "summary": "New Pending Reservation Request",
      "if_read": false,
      "create_date": "2023-04-18T01:19:34.973Z"
    }
  },
  {
    "model": "revs.ntf",
    "pk": 8,
    "fields": {
      "recipient": 3,
      "rev": 4,
      "summary": "Your reservation request is denied by host.",
      "if_read": false,
      "create_date": "2023-04-18T01:20:15.587Z"
    }
  },
  {
    "model": "revs.ntf",
    "pk": 9,
    "fields": {
      "recipient": 3,
      "rev": 5,
      "summary": "Your reservation request is approved by host.",
      "if_read": false,
      "create_date": "2023-04-18T01:20:21.053Z"
    }
  },
  {
    "model": "revs.ntf",
    "pk": 10,
    "fields": {
      "recipient": 2,
      "rev": 2,
      "summary": "New Comment on your property:20",
      "if_read": false,
      "create_date": "2023-04-18T01:41:53.140Z"
    }
  },
  {
    "model": "revs.ntf",
    "pk": 11,
    "fields": {
      "recipient": 1,
      "rev": 8,
      "summary": "New Pending Reservation Request",
      "if_read": false,
      "create_date": "2023-04-18T02:46:10.469Z"
    }
  },
  {
    "model": "revs.ntf",
    "pk": 12,
    "fields": {
      "recipient": 2,
      "rev": 8,
      "summary": "Your reservation request is denied by host.",
      "if_read": false,
      "create_date": "2023-04-18T02:46:56.751Z"
    }
  },
  {
    "model": "revs.ntf",
    "pk": 13,
    "fields": {
      "recipient": 4,
      "rev": 9,
      "summary": "New Pending Reservation Request",
      "if_read": false,
      "create_date": "2023-04-18T02:47:49.799Z"
    }
  },
  {
    "model": "revs.ntf",
    "pk": 14,
    "fields": {
      "recipient": 1,
      "rev": 10,
      "summary": "New Pending Reservation Request",
      "if_read": false,
      "create_date": "2023-04-18T02:48:25.879Z"
    }
  },
  {
    "model": "revs.ntf",
    "pk": 15,
    "fields": {
      "recipient": 1,
      "rev": 11,
      "summary": "New Pending Reservation Request",
      "if_read": false,
      "create_date": "2023-04-18T02:48:32.550Z"
    }
  },
  {
    "model": "revs.ntf",
    "pk": 16,
    "fields": {
      "recipient": 1,
      "rev": 14,
      "summary": "Your reservation request is approved by host.",
      "if_read": false,
      "create_date": "2023-04-18T03:39:34.672Z"
    }
  },
  {
    "model": "revs.ntf",
    "pk": 17,
    "fields": {
      "recipient": 5,
      "rev": 14,
      "summary": "You got cancel request from guest.",
      "if_read": false,
      "create_date": "2023-04-18T03:39:52.556Z"
    }
  },
  {
    "model": "revs.ntf",
    "pk": 18,
    "fields": {
      "recipient": 4,
      "rev": 17,
      "summary": "New Pending Reservation Request",
      "if_read": false,
      "create_date": "2023-04-18T03:42:37.683Z"
    }
  },
  {
    "model": "revs.ntf",
    "pk": 19,
    "fields": {
      "recipient": 1,
      "rev": 17,
      "summary": "Your reservation request is denied by host.",
      "if_read": false,
      "create_date": "2023-04-18T03:42:56.867Z"
    }
  },
  {
    "model": "revs.ntf",
    "pk": 20,
    "fields": {
      "recipient": 2,
      "rev": 2,
      "summary": "New Comment on your property:20",
      "if_read": false,
      "create_date": "2023-04-18T03:49:17.483Z"
    }
  },
  {
    "model": "revs.ntf",
    "pk": 21,
    "fields": {
      "recipient": 2,
      "rev": 2,
      "summary": "New Comment on your property:20",
      "if_read": false,
      "create_date": "2023-04-18T03:53:45.044Z"
    }
  },
  {
    "model": "revs.ntf",
    "pk": 22,
    "fields": {
      "recipient": 5,
      "rev": 7,
      "summary": "New Comment on your property:5",
      "if_read": false,
      "create_date": "2023-04-18T04:04:38.034Z"
    }
  },
  {
    "model": "revs.ntf",
    "pk": 23,
    "fields": {
      "recipient": 3,
      "rev": 12,
      "summary": "New Comment on your property:15",
      "if_read": false,
      "create_date": "2023-04-18T04:10:06.154Z"
    }
  },
  {
    "model": "comment.comment",
    "pk": 2,
    "fields": {
      "content_type": 8,
      "author": 1,
      "object_id": 2,
      "content": "You are a good man",
      "rating": 5,
      "parent": null,
      "timestamp": "2023-04-18T01:04:18.771Z"
    }
  },
  {
    "model": "comment.comment",
    "pk": 3,
    "fields": {
      "content_type": 12,
      "author": 2,
      "object_id": 1,
      "content": "I had an amazing stay at this property! The location was perfect and the amenities were top-notch. The hosts were also incredibly friendly and accommodating.",
      "rating": 4,
      "parent": null,
      "timestamp": "2023-04-18T01:23:47.894Z"
    }
  },
  {
    "model": "comment.comment",
    "pk": 4,
    "fields": {
      "content_type": 12,
      "author": 1,
      "object_id": 1,
      "content": "Thank you so much!",
      "rating": 5,
      "parent": 3,
      "timestamp": "2023-04-18T01:24:12.681Z"
    }
  },
  {
    "model": "comment.comment",
    "pk": 5,
    "fields": {
      "content_type": 12,
      "author": 2,
      "object_id": 1,
      "content": "You are welcome!",
      "rating": null,
      "parent": 4,
      "timestamp": "2023-04-18T01:25:03.410Z"
    }
  },
  {
    "model": "comment.comment",
    "pk": 6,
    "fields": {
      "content_type": 12,
      "author": 3,
      "object_id": 1,
      "content": "The photos don't do this property justice - it's even more beautiful in person. I loved the decor and the attention to detail that the hosts put into every aspect of the property.",
      "rating": 5,
      "parent": null,
      "timestamp": "2023-04-18T01:25:39.844Z"
    }
  },
  {
    "model": "comment.comment",
    "pk": 7,
    "fields": {
      "content_type": 12,
      "author": 4,
      "object_id": 1,
      "content": "This property was a true oasis - the perfect place to escape from the hustle and bustle of daily life. I loved the private pool and the serene surroundings.",
      "rating": 5,
      "parent": null,
      "timestamp": "2023-04-18T01:26:12.225Z"
    }
  },
  {
    "model": "comment.comment",
    "pk": 8,
    "fields": {
      "content_type": 12,
      "author": 5,
      "object_id": 1,
      "content": "I appreciated the little touches that the hosts added to the property, like the welcome basket of local goodies and the well-stocked kitchen. It made me feel right at home",
      "rating": 5,
      "parent": null,
      "timestamp": "2023-04-18T01:27:38.819Z"
    }
  },
  {
    "model": "comment.comment",
    "pk": 9,
    "fields": {
      "content_type": 8,
      "author": 1,
      "object_id": 2,
      "content": "This guest was a pleasure to host - they were respectful, clean, and followed all of the house rules.",
      "rating": 5,
      "parent": null,
      "timestamp": "2023-04-18T01:30:46.352Z"
    }
  },
  {
    "model": "comment.comment",
    "pk": 10,
    "fields": {
      "content_type": 8,
      "author": 1,
      "object_id": 3,
      "content": "I enjoyed having this guest stay at my property. They were friendly and easy to communicate with.",
      "rating": 5,
      "parent": null,
      "timestamp": "2023-04-18T01:33:13.117Z"
    }
  },
  {
    "model": "comment.comment",
    "pk": 11,
    "fields": {
      "content_type": 8,
      "author": 3,
      "object_id": 2,
      "content": "This guest left the property in immaculate condition. It was clear that they treated it with the utmost care and respect.",
      "rating": 5,
      "parent": null,
      "timestamp": "2023-04-18T01:34:17.419Z"
    }
  },
  {
    "model": "comment.comment",
    "pk": 12,
    "fields": {
      "content_type": 8,
      "author": 4,
      "object_id": 2,
      "content": "I would happily host this guest again. They were low-maintenance and easy to work with.",
      "rating": 4,
      "parent": null,
      "timestamp": "2023-04-18T01:35:28.904Z"
    }
  },
  {
    "model": "comment.comment",
    "pk": 13,
    "fields": {
      "content_type": 8,
      "author": 5,
      "object_id": 2,
      "content": "I hate this guy. His is very rudeeeeeee!!!!!!!",
      "rating": 1,
      "parent": null,
      "timestamp": "2023-04-18T01:36:19.869Z"
    }
  },
  {
    "model": "comment.comment",
    "pk": 15,
    "fields": {
      "content_type": 12,
      "author": 3,
      "object_id": 2,
      "content": "The location of this property was perfect - it was close to all of the local attractions, but also felt secluded and private. I would definitely recommend this to anyone looking for a relaxing and enj",
      "rating": 3,
      "parent": null,
      "timestamp": "2023-04-18T01:39:15.812Z"
    }
  },
  {
    "model": "comment.comment",
    "pk": 27,
    "fields": {
      "content_type": 8,
      "author": 2,
      "object_id": 2,
      "content": "d",
      "rating": 1,
      "parent": 13,
      "timestamp": "2023-04-18T02:44:33.950Z"
    }
  },
  {
    "model": "comment.comment",
    "pk": 28,
    "fields": {
      "content_type": 8,
      "author": 2,
      "object_id": 2,
      "content": "Thank you for your feedback, but I'm sorry that you feel that way. I'm always open to constructive criticism that can help me improve",
      "rating": 4,
      "parent": 12,
      "timestamp": "2023-04-18T02:45:10.425Z"
    }
  },
  {
    "model": "comment.comment",
    "pk": 29,
    "fields": {
      "content_type": 8,
      "author": 2,
      "object_id": 1,
      "content": "I appreciate all the effort you put into making sure I was comfortable and had everything I needed.",
      "rating": 5,
      "parent": null,
      "timestamp": "2023-04-18T03:26:02.211Z"
    }
  },
  {
    "model": "comment.comment",
    "pk": 30,
    "fields": {
      "content_type": 8,
      "author": 3,
      "object_id": 1,
      "content": "Your attention to detail did not go unnoticed, and I am grateful for all the thoughtful touches you included.",
      "rating": 5,
      "parent": null,
      "timestamp": "2023-04-18T03:28:03.898Z"
    }
  },
  {
    "model": "comment.comment",
    "pk": 31,
    "fields": {
      "content_type": 8,
      "author": 4,
      "object_id": 1,
      "content": "I hope to have the opportunity to stay with you again in the future. Thank you for such a memorable experience!",
      "rating": 4,
      "parent": null,
      "timestamp": "2023-04-18T03:28:34.089Z"
    }
  },
  {
    "model": "comment.comment",
    "pk": 32,
    "fields": {
      "content_type": 8,
      "author": 4,
      "object_id": 1,
      "content": "Worst guest ever!",
      "rating": 1,
      "parent": null,
      "timestamp": "2023-04-18T03:30:38.589Z"
    }
  },
  {
    "model": "comment.comment",
    "pk": 33,
    "fields": {
      "content_type": 8,
      "author": 1,
      "object_id": 1,
      "content": "You too : )))))))",
      "rating": 1,
      "parent": 32,
      "timestamp": "2023-04-18T03:32:37.716Z"
    }
  },
  {
    "model": "comment.comment",
    "pk": 34,
    "fields": {
      "content_type": 8,
      "author": 1,
      "object_id": 1,
      "content": "Thank you too!",
      "rating": 4,
      "parent": 31,
      "timestamp": "2023-04-18T03:32:54.151Z"
    }
  },
  {
    "model": "comment.comment",
    "pk": 35,
    "fields": {
      "content_type": 8,
      "author": 1,
      "object_id": 1,
      "content": "I hope to see you again!!!!",
      "rating": 5,
      "parent": 30,
      "timestamp": "2023-04-18T03:34:55.921Z"
    }
  },
  {
    "model": "comment.comment",
    "pk": 36,
    "fields": {
      "content_type": 8,
      "author": 1,
      "object_id": 1,
      "content": "You are so sweet!!!!!!!!!",
      "rating": 5,
      "parent": 29,
      "timestamp": "2023-04-18T03:35:07.744Z"
    }
  },
  {
    "model": "comment.comment",
    "pk": 38,
    "fields": {
      "content_type": 12,
      "author": 1,
      "object_id": 20,
      "content": "This property is simply stunning. From the beautiful landscaping to the well-appointed interior, every detail is thoughtfully designed and executed. It truly feels like a dream home.",
      "rating": 5,
      "parent": null,
      "timestamp": "2023-04-18T03:53:45.034Z"
    }
  },
  {
    "model": "comment.comment",
    "pk": 39,
    "fields": {
      "content_type": 12,
      "author": 1,
      "object_id": 5,
      "content": "I was blown away by the unique features and amenities of this property. The pool, outdoor kitchen, and spacious living areas make it an ideal space for entertaining and relaxation.",
      "rating": 5,
      "parent": null,
      "timestamp": "2023-04-18T04:04:38.024Z"
    }
  },
  {
    "model": "property.property",
    "pk": 1,
    "fields": {
      "name": "Urban Oasis",
      "country": "Canada",
      "province": "Ontario",
      "city": "Toronto",
      "apt_number": null,
      "street_number": "1000",
      "postal_code": "G1T0H3",
      "email": "user1@restify.com",
      "phone_number": "111-222-1234",
      "price": "100.00",
      "rating": "4.75",
      "rating_num": 4,
      "amenity": "wifi,pool,laundry_room",
      "num_bedroom": 2,
      "num_bathroom": 1,
      "capacity": 4,
      "host": 1
    }
  },
  {
    "model": "property.property",
    "pk": 2,
    "fields": {
      "name": "Sleek Retreat",
      "country": "USA",
      "province": "California",
      "city": "Los Angeles",
      "apt_number": null,
      "street_number": "500",
      "postal_code": "90210",
      "email": "user1@restify.com",
      "phone_number": "111-222-1234",
      "price": "200.00",
      "rating": "3.00",
      "rating_num": 1,
      "amenity": "gym,parking",
      "num_bedroom": 1,
      "num_bathroom": 1,
      "capacity": 2,
      "host": 1
    }
  },
  {
    "model": "property.property",
    "pk": 3,
    "fields": {
      "name": "Charming Quebecoise",
      "country": "Canada",
      "province": "Quebec",
      "city": "Montreal",
      "apt_number": null,
      "street_number": "200",
      "postal_code": "H2T1A8",
      "email": "user1@restify.com",
      "phone_number": "111-222-1234",
      "price": "150.00",
      "rating": "4.33",
      "rating_num": 15,
      "amenity": "kitchen,hot_tub,fireplace",
      "num_bedroom": 3,
      "num_bathroom": 2,
      "capacity": 6,
      "host": 1
    }
  },
  {
    "model": "property.property",
    "pk": 4,
    "fields": {
      "name": "City Chic",
      "country": "USA",
      "province": "New York",
      "city": "New York City",
      "apt_number": "Apt 2B",
      "street_number": "1234",
      "postal_code": "10001",
      "email": "user4@restify.com",
      "phone_number": "111-222-1234",
      "price": "300.00",
      "rating": null,
      "rating_num": 0,
      "amenity": "tv,air_conditioning",
      "num_bedroom": 2,
      "num_bathroom": 1,
      "capacity": 4,
      "host": 4
    }
  },
  {
    "model": "property.property",
    "pk": 5,
    "fields": {
      "name": "Poolside Paradise",
      "country": "Canada",
      "province": "Ontario",
      "city": "Toronto",
      "apt_number": null,
      "street_number": "1000",
      "postal_code": "G1T0H3",
      "email": "user5@restify.com",
      "phone_number": "111-222-1234",
      "price": "100.00",
      "rating": "5.00",
      "rating_num": 1,
      "amenity": "swimming_pool,gym,parking",
      "num_bedroom": 2,
      "num_bathroom": 2,
      "capacity": 4,
      "host": 5
    }
  },
  {
    "model": "property.property",
    "pk": 6,
    "fields": {
      "name": "Game On",
      "country": "Canada",
      "province": "Ontario",
      "city": "Toronto",
      "apt_number": null,
      "street_number": "2000",
      "postal_code": "G2T0H3",
      "email": "user1@restify.com",
      "phone_number": "111-222-1234",
      "price": "150.00",
      "rating": "3.75",
      "rating_num": 8,
      "amenity": "pool_table,parking",
      "num_bedroom": 1,
      "num_bathroom": 1,
      "capacity": 2,
      "host": 1
    }
  },
  {
    "model": "property.property",
    "pk": 7,
    "fields": {
      "name": "Capital Comfort",
      "country": "Canada",
      "province": "Ontario",
      "city": "Ottawa",
      "apt_number": null,
      "street_number": "3000",
      "postal_code": "K1A0B1",
      "email": "user1@restify.com",
      "phone_number": "111-222-1234",
      "price": "200.00",
      "rating": "4.00",
      "rating_num": 10,
      "amenity": "gym,parking",
      "num_bedroom": 3,
      "num_bathroom": 2,
      "capacity": 6,
      "host": 1
    }
  },
  {
    "model": "property.property",
    "pk": 8,
    "fields": {
      "name": "Spacious Montreal Apartment",
      "country": "Canada",
      "province": "Quebec",
      "city": "Montreal",
      "apt_number": "Apt 101",
      "street_number": "4000",
      "postal_code": "H1A0B1",
      "email": "user1@restify.com",
      "phone_number": "111-222-1234",
      "price": "125.00",
      "rating": "3.25",
      "rating_num": 6,
      "amenity": "parking",
      "num_bedroom": 1,
      "num_bathroom": 1,
      "capacity": 2,
      "host": 1
    }
  },
  {
    "model": "property.property",
    "pk": 9,
    "fields": {
      "name": "Hollywood Hills Oasis",
      "country": "United States",
      "province": "California",
      "city": "Los Angeles",
      "apt_number": null,
      "street_number": "1234 Hollywood Blvd",
      "postal_code": "90028",
      "email": "user1@restify.com",
      "phone_number": "111-222-1234",
      "price": "150.00",
      "rating": "4.20",
      "rating_num": 23,
      "amenity": "wifi,parking,swimming_pool",
      "num_bedroom": 2,
      "num_bathroom": 1,
      "capacity": 4,
      "host": 1
    }
  },
  {
    "model": "property.property",
    "pk": 10,
    "fields": {
      "name": "Charming Parisian Apartment",
      "country": "France",
      "province": "Ile-de-France",
      "city": "Paris",
      "apt_number": null,
      "street_number": "56 Rue de Rivoli",
      "postal_code": "75001",
      "email": "user1@restify.com",
      "phone_number": "111-222-1234",
      "price": "200.00",
      "rating": "4.80",
      "rating_num": 12,
      "amenity": "balcony,kitchen",
      "num_bedroom": 1,
      "num_bathroom": 1,
      "capacity": 2,
      "host": 1
    }
  },
  {
    "model": "property.property",
    "pk": 11,
    "fields": {
      "name": "Sunny Condo in Downtown",
      "country": "Canada",
      "province": "Ontario",
      "city": "Toronto",
      "apt_number": null,
      "street_number": "123 Queen St W",
      "postal_code": "M5H 2M9",
      "email": "user2@restify.com",
      "phone_number": "222-222-1234",
      "price": "150.00",
      "rating": "4.50",
      "rating_num": 10,
      "amenity": "wifi,pool,gym,free_parking",
      "num_bedroom": 2,
      "num_bathroom": 2,
      "capacity": 4,
      "host": 2
    }
  },
  {
    "model": "property.property",
    "pk": 12,
    "fields": {
      "name": "Cozy Studio in Midtown",
      "country": "Canada",
      "province": "Ontario",
      "city": "Toronto",
      "apt_number": "Apt 101",
      "street_number": "456 Yonge St",
      "postal_code": "M4Y 1W9",
      "email": "user2@restify.com",
      "phone_number": "222-222-1234",
      "price": "75.00",
      "rating": "3.80",
      "rating_num": 8,
      "amenity": "wifi,laundry",
      "num_bedroom": 0,
      "num_bathroom": 1,
      "capacity": 2,
      "host": 2
    }
  },
  {
    "model": "property.property",
    "pk": 13,
    "fields": {
      "name": "Luxury Suite in Uptown",
      "country": "Canada",
      "province": "Ontario",
      "city": "Toronto",
      "apt_number": "Suite 2001",
      "street_number": "789 Bay St",
      "postal_code": "M5G 1N8",
      "email": "user2@restify.com",
      "phone_number": "222-222-1234",
      "price": "250.00",
      "rating": "4.90",
      "rating_num": 15,
      "amenity": "wifi,pool,gym,sauna,24hr_front_desk",
      "num_bedroom": 3,
      "num_bathroom": 3,
      "capacity": 6,
      "host": 2
    }
  },
  {
    "model": "property.property",
    "pk": 14,
    "fields": {
      "name": "Luxury Apartment in Downtown",
      "country": "Canada",
      "province": "Ontario",
      "city": "Toronto",
      "apt_number": "1803",
      "street_number": "70 King St E",
      "postal_code": "M5C 1G5",
      "email": "user2@restify.com",
      "phone_number": "222-222-1234",
      "price": "250.00",
      "rating": "4.75",
      "rating_num": 12,
      "amenity": "wifi,swimming_pool,gym,sauna,concierge",
      "num_bedroom": 2,
      "num_bathroom": 2,
      "capacity": 4,
      "host": 2
    }
  },
  {
    "model": "property.property",
    "pk": 15,
    "fields": {
      "name": "Cozy Apartment near the Beach",
      "country": "Canada",
      "province": "British Columbia",
      "city": "Vancouver",
      "apt_number": "302",
      "street_number": "1234 Beach Ave",
      "postal_code": "V6E 1T5",
      "email": "user3@restify.com",
      "phone_number": "222-222-1234",
      "price": "120.00",
      "rating": "4.20",
      "rating_num": 8,
      "amenity": "wifi,pet_friendly",
      "num_bedroom": 1,
      "num_bathroom": 1,
      "capacity": 2,
      "host": 3
    }
  },
  {
    "model": "property.property",
    "pk": 16,
    "fields": {
      "name": "Charming House in the Countryside",
      "country": "United States",
      "province": "New York",
      "city": "New York",
      "apt_number": null,
      "street_number": "456 Hilltop Rd",
      "postal_code": "10023",
      "email": "user2@restify.com",
      "phone_number": "222-222-1234",
      "price": "300.00",
      "rating": "4.90",
      "rating_num": 20,
      "amenity": "pool,fireplace,garden",
      "num_bedroom": 3,
      "num_bathroom": 2,
      "capacity": 6,
      "host": 2
    }
  },
  {
    "model": "property.property",
    "pk": 17,
    "fields": {
      "name": "Luxury Villa",
      "country": "Canada",
      "province": "Ontario",
      "city": "Toronto",
      "apt_number": null,
      "street_number": "123 Main St",
      "postal_code": "M5V2H1",
      "email": "user2@restify.com",
      "phone_number": "222-222-1234",
      "price": "600.00",
      "rating": "4.75",
      "rating_num": 12,
      "amenity": "hot_tub,sauna,gym,game_room",
      "num_bedroom": 5,
      "num_bathroom": 4,
      "capacity": 10,
      "host": 2
    }
  },
  {
    "model": "property.property",
    "pk": 18,
    "fields": {
      "name": "Cozy Cabin",
      "country": "Canada",
      "province": "Ontario",
      "city": "Ottawa",
      "apt_number": null,
      "street_number": "321 Oak St",
      "postal_code": "K1P5H9",
      "email": "user2@restify.com",
      "phone_number": "222-222-1234",
      "price": "120.00",
      "rating": "3.50",
      "rating_num": 5,
      "amenity": "fireplace,bbq",
      "num_bedroom": 2,
      "num_bathroom": 1,
      "capacity": 4,
      "host": 2
    }
  },
  {
    "model": "property.property",
    "pk": 19,
    "fields": {
      "name": "Modern Apartment",
      "country": "Canada",
      "province": "Quebec",
      "city": "Montreal",
      "apt_number": "Apt 203",
      "street_number": "456 Main St",
      "postal_code": "H1A1A1",
      "email": "user2@restify.com",
      "phone_number": "222-222-1234",
      "price": "200.00",
      "rating": null,
      "rating_num": 0,
      "amenity": "pool,fitness_center,laundry",
      "num_bedroom": 1,
      "num_bathroom": 1,
      "capacity": 2,
      "host": 2
    }
  },
  {
    "model": "property.property",
    "pk": 20,
    "fields": {
      "name": "Cozy Cabin",
      "country": "Canada",
      "province": "British Columbia",
      "city": "Vancouver",
      "apt_number": null,
      "street_number": "500",
      "postal_code": "V6G 3E2",
      "email": "user2@restify.com",
      "phone_number": "222-222-1234",
      "price": "175.00",
      "rating": "5.00",
      "rating_num": 1,
      "amenity": "Wifi,Cable_TV,Fireplace",
      "num_bedroom": 2,
      "num_bathroom": 1,
      "capacity": 4,
      "host": 2
    }
  },
  {
    "model": "property.preview",
    "pk": 1,
    "fields": { "image": "property/1-forest-and-heaven-themed.webp", "prop": 1 }
  },
  {
    "model": "property.preview",
    "pk": 2,
    "fields": { "image": "property/ReachingHomeBanner3.jpg", "prop": 1 }
  },
  {
    "model": "property.preview",
    "pk": 3,
    "fields": {
      "image": "property/edmonton-desktop20230116084251127-raw.webp",
      "prop": 1
    }
  },
  {
    "model": "property.preview",
    "pk": 4,
    "fields": { "image": "property/download.jfif", "prop": 2 }
  },
  {
    "model": "property.preview",
    "pk": 5,
    "fields": {
      "image": "property/edmonton-desktop20230116084251127-raw_nkhkjlc.webp",
      "prop": 2
    }
  },
  {
    "model": "property.preview",
    "pk": 6,
    "fields": { "image": "property/ReachingHomeBanner3_0DRUcxh.jpg", "prop": 2 }
  },
  {
    "model": "property.preview",
    "pk": 7,
    "fields": { "image": "property/image.webp", "prop": 3 }
  },
  {
    "model": "property.preview",
    "pk": 8,
    "fields": {
      "image": "property/edmonton-desktop20230116084251127-raw_b8WQzOy.webp",
      "prop": 3
    }
  },
  {
    "model": "property.preview",
    "pk": 9,
    "fields": { "image": "property/ReachingHomeBanner3_lgX0CE2.jpg", "prop": 3 }
  },
  {
    "model": "property.preview",
    "pk": 10,
    "fields": { "image": "property/00-story-image-air-bnb.webp", "prop": 4 }
  },
  {
    "model": "property.preview",
    "pk": 11,
    "fields": {
      "image": "property/edmonton-desktop20230116084251127-raw_ICv1Ts8.webp",
      "prop": 4
    }
  },
  {
    "model": "property.preview",
    "pk": 12,
    "fields": { "image": "property/ReachingHomeBanner3_0Ggtywa.jpg", "prop": 4 }
  },
  {
    "model": "property.preview",
    "pk": 13,
    "fields": { "image": "property/l-intro-1638387745.jpg", "prop": 5 }
  },
  {
    "model": "property.preview",
    "pk": 14,
    "fields": {
      "image": "property/edmonton-desktop20230116084251127-raw_vCYiwO6.webp",
      "prop": 5
    }
  },
  {
    "model": "property.preview",
    "pk": 15,
    "fields": { "image": "property/ReachingHomeBanner3_dpplhzj.jpg", "prop": 5 }
  },
  {
    "model": "property.preview",
    "pk": 16,
    "fields": { "image": "property/63e29d8e96242f0019e7cf69.webp", "prop": 6 }
  },
  {
    "model": "property.preview",
    "pk": 17,
    "fields": {
      "image": "property/edmonton-desktop20230116084251127-raw_LjrWPU3.webp",
      "prop": 6
    }
  },
  {
    "model": "property.preview",
    "pk": 18,
    "fields": { "image": "property/ReachingHomeBanner3_JfffUnb.jpg", "prop": 6 }
  },
  {
    "model": "property.preview",
    "pk": 19,
    "fields": {
      "image": "property/best-airbnb-rentals-ottawa-ontario-canada.jpg",
      "prop": 7
    }
  },
  {
    "model": "property.preview",
    "pk": 20,
    "fields": {
      "image": "property/edmonton-desktop20230116084251127-raw_CvLxWQT.webp",
      "prop": 7
    }
  },
  {
    "model": "property.preview",
    "pk": 21,
    "fields": { "image": "property/ReachingHomeBanner3_RKfvNuj.jpg", "prop": 7 }
  },
  {
    "model": "property.preview",
    "pk": 22,
    "fields": { "image": "property/image_1.webp", "prop": 8 }
  },
  {
    "model": "property.preview",
    "pk": 23,
    "fields": {
      "image": "property/edmonton-desktop20230116084251127-raw_hLgicvU.webp",
      "prop": 8
    }
  },
  {
    "model": "property.preview",
    "pk": 24,
    "fields": { "image": "property/ReachingHomeBanner3_lTIOpBE.jpg", "prop": 8 }
  },
  {
    "model": "property.preview",
    "pk": 25,
    "fields": { "image": "property/image.png", "prop": 9 }
  },
  {
    "model": "property.preview",
    "pk": 26,
    "fields": {
      "image": "property/edmonton-desktop20230116084251127-raw_tXUqmQW.webp",
      "prop": 9
    }
  },
  {
    "model": "property.preview",
    "pk": 27,
    "fields": { "image": "property/ReachingHomeBanner3_J3e4tJu.jpg", "prop": 9 }
  },
  {
    "model": "property.preview",
    "pk": 28,
    "fields": { "image": "property/paris-airbnb.jpg", "prop": 10 }
  },
  {
    "model": "property.preview",
    "pk": 29,
    "fields": {
      "image": "property/edmonton-desktop20230116084251127-raw_XCGzywO.webp",
      "prop": 10
    }
  },
  {
    "model": "property.preview",
    "pk": 30,
    "fields": {
      "image": "property/ReachingHomeBanner3_QcfOGgZ.jpg",
      "prop": 10
    }
  },
  {
    "model": "property.preview",
    "pk": 31,
    "fields": { "image": "property/airbnb-toronto-canada.jpg", "prop": 11 }
  },
  {
    "model": "property.preview",
    "pk": 32,
    "fields": {
      "image": "property/edmonton-desktop20230116084251127-raw_Yz2Qjc4.webp",
      "prop": 11
    }
  },
  {
    "model": "property.preview",
    "pk": 33,
    "fields": {
      "image": "property/ReachingHomeBanner3_dJlNnql.jpg",
      "prop": 11
    }
  },
  {
    "model": "property.preview",
    "pk": 34,
    "fields": {
      "image": "property/b200879e-3aa6-4c25-83a9-b12ca0c67e30.webp",
      "prop": 12
    }
  },
  {
    "model": "property.preview",
    "pk": 35,
    "fields": {
      "image": "property/edmonton-desktop20230116084251127-raw_xosFUDJ.webp",
      "prop": 12
    }
  },
  {
    "model": "property.preview",
    "pk": 36,
    "fields": {
      "image": "property/ReachingHomeBanner3_S6HhKLE.jpg",
      "prop": 12
    }
  },
  {
    "model": "property.preview",
    "pk": 37,
    "fields": {
      "image": "property/8e9f8746-4fc7-4b49-9e09-59791a1bc644.jpg",
      "prop": 13
    }
  },
  {
    "model": "property.preview",
    "pk": 38,
    "fields": {
      "image": "property/edmonton-desktop20230116084251127-raw_llYyOmX.webp",
      "prop": 13
    }
  },
  {
    "model": "property.preview",
    "pk": 39,
    "fields": {
      "image": "property/ReachingHomeBanner3_cUCfwLd.jpg",
      "prop": 13
    }
  },
  {
    "model": "property.preview",
    "pk": 40,
    "fields": { "image": "property/condostock-1024x683.jpg", "prop": 14 }
  },
  {
    "model": "property.preview",
    "pk": 41,
    "fields": {
      "image": "property/edmonton-desktop20230116084251127-raw_OxjIYvV.webp",
      "prop": 14
    }
  },
  {
    "model": "property.preview",
    "pk": 42,
    "fields": {
      "image": "property/ReachingHomeBanner3_bK5Gjll.jpg",
      "prop": 14
    }
  },
  {
    "model": "property.preview",
    "pk": 43,
    "fields": { "image": "property/307c98b4_original.jpg", "prop": 15 }
  },
  {
    "model": "property.preview",
    "pk": 44,
    "fields": {
      "image": "property/edmonton-desktop20230116084251127-raw_MqEKrmN.webp",
      "prop": 15
    }
  },
  {
    "model": "property.preview",
    "pk": 45,
    "fields": {
      "image": "property/ReachingHomeBanner3_JzJ113X.jpg",
      "prop": 15
    }
  },
  {
    "model": "property.preview",
    "pk": 46,
    "fields": {
      "image": "property/fa684b8c-66b3-4d5e-bd21-9b270326a582.webp",
      "prop": 16
    }
  },
  {
    "model": "property.preview",
    "pk": 47,
    "fields": {
      "image": "property/edmonton-desktop20230116084251127-raw_wzkcPZV.webp",
      "prop": 16
    }
  },
  {
    "model": "property.preview",
    "pk": 48,
    "fields": {
      "image": "property/ReachingHomeBanner3_fYWVtuW.jpg",
      "prop": 16
    }
  },
  {
    "model": "property.preview",
    "pk": 49,
    "fields": { "image": "property/-1x-1.jpg", "prop": 17 }
  },
  {
    "model": "property.preview",
    "pk": 50,
    "fields": {
      "image": "property/edmonton-desktop20230116084251127-raw_x8M4asW.webp",
      "prop": 17
    }
  },
  {
    "model": "property.preview",
    "pk": 51,
    "fields": {
      "image": "property/ReachingHomeBanner3_J2UHoL1.jpg",
      "prop": 17
    }
  },
  {
    "model": "property.preview",
    "pk": 52,
    "fields": { "image": "property/cabin-airbnb.webp", "prop": 18 }
  },
  {
    "model": "property.preview",
    "pk": 53,
    "fields": {
      "image": "property/edmonton-desktop20230116084251127-raw_ckH0xnN.webp",
      "prop": 18
    }
  },
  {
    "model": "property.preview",
    "pk": 54,
    "fields": {
      "image": "property/ReachingHomeBanner3_MaieoBw.jpg",
      "prop": 18
    }
  },
  {
    "model": "property.preview",
    "pk": 55,
    "fields": {
      "image": "property/Beautiful-loft-featured-image.jpg",
      "prop": 19
    }
  },
  {
    "model": "property.preview",
    "pk": 56,
    "fields": {
      "image": "property/edmonton-desktop20230116084251127-raw_JTi7Ert.webp",
      "prop": 19
    }
  },
  {
    "model": "property.preview",
    "pk": 57,
    "fields": {
      "image": "property/ReachingHomeBanner3_QnqsQXx.jpg",
      "prop": 19
    }
  },
  {
    "model": "property.preview",
    "pk": 58,
    "fields": {
      "image": "property/Wanderlust-cabin-main-image.jpg",
      "prop": 20
    }
  },
  {
    "model": "property.preview",
    "pk": 59,
    "fields": {
      "image": "property/edmonton-desktop20230116084251127-raw_1EplyCE.webp",
      "prop": 20
    }
  },
  {
    "model": "property.preview",
    "pk": 60,
    "fields": {
      "image": "property/ReachingHomeBanner3_WUUe35J.jpg",
      "prop": 20
    }
  }
]
